PELKAVL,PELKDUR,PELKFTO,PELKLL1O,PELKLL2O,PELKLWO,PELKM1,state
-1,-1,-1,-1,-1,-1,-1,1
-1,-1,-1,-1,-1,-1,-1,1
-1,-1,-1,-1,-1,-1,-1,1
-1,-1,-1,-1,-1,-1,-1,1
-1,-1,-1,-1,-1,-1,-1,1
-1,-1,-1,-1,-1,-1,-1,1
-1,-1,-1,-1,-1,-1,-1,1
-1,-1,-1,-1,-1,-1,-1,1
-1,-1,-1,-1,-1,-1,-1,1
-1,-1,-1,-1,-1,-1,-1,1
-1,-1,-1,-1,-1,-1,-1,1
1,8,1,1,1,1,1,1
-1,-1,-1,-1,-1,-1,-1,1
-1,-1,-1,-1,-1,-1,-1,1
-1,-1,-1,-1,-1,-1,-1,1
-1,-1,-1,-1,-1,-1,-1,1
-1,-1,-1,-1,-1,-1,-1,1
-1,-1,-1,-1,-1,-1,-1,1
-1,-1,-1,-1,-1,-1,-1,1
-1,-1,-1,-1,-1,-1,-1,1
-1,-1,-1,-1,-1,-1,-1,1
-1,-1,-1,-1,-1,-1,-1,1
-1,-1,-1,-1,-1,-1,-1,1
-1,-1,-1,-1,-1,-1,-1,1
-1,-1,-1,-1,-1,-1,-1,1
-1,-1,-1,-1,-1,-1,-1,1
-1,-1,-1,-1,-1,-1,-1,1
-1,-1,-1,-1,-1,-1,-1,1
-1,-1,-1,-1,-1,-1,-1,1
-1,-1,-1,-1,-1,-1,-1,1
-1,-1,-1,-1,-1,-1,-1,1
-1,-1,-1,-1,-1,-1,-1,1
-1,-1,-1,-1,-1,-1,-1,1
-1,-1,-1,-1,-1,-1,-1,1
-1,-1,-1,-1,-1,-1,-1,1
-1,-1,-1,-1,-1,-1,-1,1
-1,-1,-1,-1,-1,-1,-1,1
-1,-1,-1,-1,-1,-1,-1,1
-1,-1,-1,-1,-1,-1,-1,1
-1,-1,-1,-1,-1,-1,-1,1
-1,-1,-1,-1,-1,-1,-1,1
-1,-1,-1,-1,-1,-1,-1,1
-1,-1,-1,-1,-1,-1,-1,1
-1,-1,-1,-1,-1,-1,-1,1
-1,-1,-1,-1,-1,-1,-1,1
-1,-1,-1,-1,-1,-1,-1,1
-1,-1,-1,-1,-1,-1,-1,1
-1,-1,-1,-1,-1,-1,-1,1
-1,-1,-1,-1,-1,-1,-1,1
-1,-1,-1,-1,-1,-1,-1,1
-1,-1,-1,-1,-1,-1,-1,1
-1,-1,-1,-1,-1,-1,-1,1
-1,-1,-1,-1,-1,-1,-1,1
-1,-1,-1,-1,-1,-1,-1,1
-1,-1,-1,-1,-1,-1,-1,1
-1,-1,-1,-1,-1,-1,-1,1
-1,-1,-1,-1,-1,-1,-1,1
-1,-1,-1,-1,-1,-1,-1,1
-1,-1,-1,-1,-1,-1,-1,1
-1,-1,-1,-1,-1,-1,-1,1
-1,-1,-1,-1,-1,-1,-1,1
-1,-1,-1,-1,-1,-1,-1,1
-1,-1,-1,-1,-1,-1,-1,1
-1,-1,-1,-1,-1,-1,-1,1
-1,-1,-1,-1,-1,-1,-1,1
-1,-1,-1,-1,-1,-1,-1,1
-1,-1,-1,-1,-1,-1,-1,1
-1,-1,-1,-1,-1,-1,-1,1
-1,-1,-1,-1,-1,-1,-1,1
-1,-1,-1,-1,-1,-1,-1,1
-1,-1,-1,-1,-1,-1,-1,1
-1,-1,-1,-1,-1,-1,-1,1
-1,-1,-1,-1,-1,-1,-1,1
-1,-1,-1,-1,-1,-1,-1,1
-1,-1,-1,-1,-1,-1,-1,1
-1,-1,-1,-1,-1,-1,-1,1
-1,-1,-1,-1,-1,-1,-1,1
-1,-1,-1,-1,-1,-1,-1,1
-1,-1,-1,-1,-1,-1,-1,1
-1,-1,-1,-1,-1,-1,-1,1
-1,-1,-1,-1,-1,-1,-1,1
-1,-1,-1,-1,-1,-1,-1,1
-1,-1,-1,-1,-1,-1,-1,1
-1,-1,-1,-1,-1,-1,-1,1
-1,-1,-1,-1,-1,-1,-1,1
-1,-1,-1,-1,-1,-1,-1,1
-1,-1,-1,-1,-1,-1,-1,1
-1,-1,-1,-1,-1,-1,-1,1
-1,-1,-1,-1,-1,-1,-1,1
-1,-1,-1,-1,-1,-1,-1,1
-1,-1,-1,-1,-1,-1,-1,1
-1,-1,-1,-1,-1,-1,-1,1
-1,-1,-1,-1,-1,-1,-1,1
-1,-1,-1,-1,-1,-1,-1,1
-1,-1,-1,-1,-1,-1,-1,1
-1,-1,-1,-1,-1,-1,-1,1
-1,-1,-1,-1,-1,-1,-1,1
-1,-1,-1,-1,-1,-1,-1,1
-1,-1,-1,-1,-1,-1,-1,1
-1,-1,-1,-1,-1,-1,-1,1
-1,-1,-1,-1,-1,-1,-1,1
-1,-1,-1,-1,-1,-1,-1,1
-1,-1,-1,-1,-1,-1,-1,1
-1,-1,-1,-1,-1,-1,-1,1
-1,-1,-1,-1,-1,-1,-1,1
-1,-1,-1,-1,-1,-1,-1,1
-1,-1,-1,-1,-1,-1,-1,1
-1,-1,-1,-1,-1,-1,-1,1
-1,-1,-1,-1,-1,-1,-1,1
-1,-1,-1,-1,-1,-1,-1,1
-1,-1,-1,-1,-1,-1,-1,1
-1,-1,-1,-1,-1,-1,-1,1
-1,-1,-1,-1,-1,-1,-1,1
-1,-1,-1,-1,-1,-1,-1,1
-1,-1,-1,-1,-1,-1,-1,1
-1,-1,-1,-1,-1,-1,-1,1
-1,-1,-1,-1,-1,-1,-1,1
-1,-1,-1,-1,-1,-1,-1,1
-1,-1,-1,-1,-1,-1,-1,1
-1,-1,-1,-1,-1,-1,-1,1
-1,-1,-1,-1,-1,-1,-1,1
-1,-1,-1,-1,-1,-1,-1,1
-1,-1,-1,-1,-1,-1,-1,1
-1,-1,-1,-1,-1,-1,-1,1
-1,-1,-1,-1,-1,-1,-1,1
-1,-1,-1,-1,-1,-1,-1,1
-1,-1,-1,-1,-1,-1,-1,1
-1,-1,-1,-1,-1,-1,-1,1
-1,-1,-1,-1,-1,-1,-1,1
-1,-1,-1,-1,-1,-1,-1,1
-1,-1,-1,-1,-1,-1,-1,1
-1,-1,-1,-1,-1,-1,-1,1
-1,-1,-1,-1,-1,-1,-1,1
-1,-1,-1,-1,-1,-1,-1,1
-1,-1,-1,-1,-1,-1,-1,1
-1,-1,-1,-1,-1,-1,-1,1
-1,-1,-1,-1,-1,-1,-1,1
-1,-1,-1,-1,-1,-1,-1,1
-1,-1,-1,-1,-1,-1,-1,1
-1,-1,-1,-1,-1,-1,-1,1
-1,-1,-1,-1,-1,-1,-1,1
-1,-1,-1,-1,-1,-1,-1,1
1,1,1,4,-1,1,1,1
-1,-1,-1,-1,-1,-1,-1,1
-1,-1,-1,-1,-1,-1,-1,1
-1,-1,-1,-1,-1,-1,-1,1
-1,-1,-1,-1,-1,-1,-1,1
-1,-1,-1,-1,-1,-1,-1,1
-1,-1,-1,-1,-1,-1,-1,1
-1,-1,-1,-1,-1,-1,-1,1
-1,-1,-1,-1,-1,-1,-1,1
-1,-1,-1,-1,-1,-1,-1,1
-1,-1,-1,-1,-1,-1,-1,1
-1,-1,-1,-1,-1,-1,-1,1
-1,-1,-1,-1,-1,-1,-1,1
-1,-1,-1,-1,-1,-1,-1,1
-1,-1,-1,-1,-1,-1,-1,1
-1,-1,-1,-1,-1,-1,-1,1
-1,-1,-1,-1,-1,-1,-1,1
-1,-1,-1,-1,-1,-1,-1,1
-1,-1,-1,-1,-1,-1,-1,1
-1,-1,-1,-1,-1,-1,-1,1
-1,-1,-1,-1,-1,-1,-1,1
-1,-1,-1,-1,-1,-1,-1,1
-1,-1,-1,-1,-1,-1,-1,1
-1,-1,-1,-1,-1,-1,-1,1
-1,-1,-1,-1,-1,-1,-1,1
-1,-1,-1,-1,-1,-1,-1,1
-1,-1,-1,-1,-1,-1,-1,1
-1,-1,-1,-1,-1,-1,-1,1
-1,-1,-1,-1,-1,-1,-1,1
-1,-1,-1,-1,-1,-1,-1,1
-1,-1,-1,-1,-1,-1,-1,1
-1,-1,-1,-1,-1,-1,-1,1
-1,-1,-1,-1,-1,-1,-1,1
-1,-1,-1,-1,-1,-1,-1,1
-1,-1,-1,-1,-1,-1,-1,1
-1,-1,-1,-1,-1,-1,-1,1
-1,-1,-1,-1,-1,-1,-1,1
-1,-1,-1,-1,-1,-1,-1,1
-1,-1,-1,-1,-1,-1,-1,1
-1,-1,-1,-1,-1,-1,-1,1
-1,-1,-1,-1,-1,-1,-1,1
-1,-1,-1,-1,-1,-1,-1,1
-1,-1,-1,-1,-1,-1,-1,1
-1,-1,-1,-1,-1,-1,-1,1
-1,-1,-1,-1,-1,-1,-1,1
-1,-1,-1,-1,-1,-1,-1,1
-1,-1,-1,-1,-1,-1,-1,1
-1,-1,-1,-1,-1,-1,-1,1
-1,-1,-1,-1,-1,-1,-1,1
-1,-1,-1,-1,-1,-1,-1,1
-1,-1,-1,-1,-1,-1,-1,1
-1,-1,-1,-1,-1,-1,-1,1
-1,-1,-1,-1,-1,-1,-1,1
-1,-1,-1,-1,-1,-1,-1,1
-1,-1,-1,-1,-1,-1,-1,1
-1,-1,-1,-1,-1,-1,-1,1
-1,-1,-1,-1,-1,-1,-1,1
-1,-1,-1,-1,-1,-1,-1,1
-1,-1,-1,-1,-1,-1,-1,1
-1,-1,-1,-1,-1,-1,-1,1
-1,-1,-1,-1,-1,-1,-1,1
-1,-1,-1,-1,-1,-1,-1,1
-1,-1,-1,-1,-1,-1,-1,1
-1,-1,-1,-1,-1,-1,-1,1
-1,-1,-1,-1,-1,-1,-1,1
-1,-1,-1,-1,-1,-1,-1,1
-1,-1,-1,-1,-1,-1,-1,1
-1,-1,-1,-1,-1,-1,-1,1
-1,-1,-1,-1,-1,-1,-1,1
-1,-1,-1,-1,-1,-1,-1,1
-1,-1,-1,-1,-1,-1,-1,1
-1,-1,-1,-1,-1,-1,-1,1
-1,-1,-1,-1,-1,-1,-1,1
-1,-1,-1,-1,-1,-1,-1,1
-1,-1,-1,-1,-1,-1,-1,1
-1,-1,-1,-1,-1,-1,-1,1
-1,-1,-1,-1,-1,-1,-1,1
-1,-1,-1,-1,-1,-1,-1,1
-1,-1,-1,-1,-1,-1,-1,1
-1,-1,-1,-1,-1,-1,-1,1
-1,-1,-1,-1,-1,-1,-1,1
-1,-1,-1,-1,-1,-1,-1,1
-1,-1,-1,-1,-1,-1,-1,1
-1,-1,-1,-1,-1,-1,-1,1
-1,-1,-1,-1,-1,-1,-1,1
-1,-1,-1,-1,-1,-1,-1,1
-1,-1,-1,-1,-1,-1,-1,1
-1,-1,-1,-1,-1,-1,-1,1
-1,-1,-1,-1,-1,-1,-1,1
-1,-1,-1,-1,-1,-1,-1,1
-1,-1,-1,-1,-1,-1,-1,1
-1,-1,-1,-1,-1,-1,-1,1
-1,-1,-1,-1,-1,-1,-1,1
-1,-1,-1,-1,-1,-1,-1,1
-1,-1,-1,-1,-1,-1,-1,1
-1,-1,-1,-1,-1,-1,-1,1
-1,-1,-1,-1,-1,-1,-1,1
-1,-1,-1,-1,-1,-1,-1,1
-1,-1,-1,-1,-1,-1,-1,1
-1,-1,-1,-1,-1,-1,-1,1
-1,-1,-1,-1,-1,-1,-1,1
-1,-1,-1,-1,-1,-1,-1,1
-1,-1,-1,-1,-1,-1,-1,1
-1,-1,-1,-1,-1,-1,-1,1
-1,-1,-1,-1,-1,-1,-1,1
-1,-1,-1,-1,-1,-1,-1,1
-1,-1,-1,-1,-1,-1,-1,1
-1,-1,-1,-1,-1,-1,-1,1
-1,-1,-1,-1,-1,-1,-1,1
-1,-1,-1,-1,-1,-1,-1,1
-1,-1,-1,-1,-1,-1,-1,1
-1,-1,-1,-1,-1,-1,-1,1
-1,-1,-1,-1,-1,-1,-1,1
-1,-1,-1,-1,-1,-1,-1,1
-1,-1,-1,-1,-1,-1,-1,1
-1,-1,-1,-1,-1,-1,-1,1
-1,-1,-1,-1,-1,-1,-1,1
-1,-1,-1,-1,-1,-1,-1,1
-1,-1,-1,-1,-1,-1,-1,1
-1,-1,-1,-1,-1,-1,-1,1
-1,-1,-1,-1,-1,-1,-1,1
-1,-1,-1,-1,-1,-1,-1,1
-1,-1,-1,-1,-1,-1,-1,1
-1,-1,-1,-1,-1,-1,-1,1
-1,-1,-1,-1,-1,-1,-1,1
-1,-1,-1,-1,-1,-1,-1,1
-1,-1,-1,-1,-1,-1,-1,1
-1,-1,-1,-1,-1,-1,-1,1
-1,-1,-1,-1,-1,-1,-1,1
-1,-1,-1,-1,-1,-1,-1,1
-1,-1,-1,-1,-1,-1,-1,1
-1,-1,-1,-1,-1,-1,-1,1
-1,-1,-1,-1,-1,-1,-1,1
-1,-1,-1,-1,-1,-1,-1,1
-1,-1,-1,-1,-1,-1,-1,1
-1,-1,-1,-1,-1,-1,-1,1
-1,-1,-1,-1,-1,-1,-1,1
-1,-1,-1,-1,-1,-1,-1,1
-1,-1,-1,-1,-1,-1,-1,1
-1,-1,-1,-1,-1,-1,-1,1
-1,-1,-1,-1,-1,-1,-1,1
-1,-1,-1,-1,-1,-1,-1,1
-1,-1,-1,-1,-1,-1,-1,1
-1,-1,-1,-1,-1,-1,-1,1
-1,-1,-1,-1,-1,-1,-1,1
-1,-1,-1,-1,-1,-1,-1,1
-1,-1,-1,-1,-1,-1,-1,1
-1,-1,-1,-1,-1,-1,-1,1
-1,-1,-1,-1,-1,-1,-1,1
-1,-1,-1,-1,-1,-1,-1,1
-1,-1,-1,-1,-1,-1,-1,1
-1,-1,-1,-1,-1,-1,-1,1
-1,-1,-1,-1,-1,-1,-1,1
-1,-1,-1,-1,-1,-1,-1,1
-1,-1,-1,-1,-1,-1,-1,1
-1,-1,-1,-1,-1,-1,-1,1
-1,-1,-1,-1,-1,-1,-1,1
-1,-1,-1,-1,-1,-1,-1,1
-1,-1,-1,-1,-1,-1,-1,1
-1,-1,-1,-1,-1,-1,-1,1
-1,-1,-1,-1,-1,-1,-1,1
-1,-1,-1,-1,-1,-1,-1,1
-1,-1,-1,-1,-1,-1,-1,1
-1,-1,-1,-1,-1,-1,-1,1
-1,-1,-1,-1,-1,-1,-1,1
-1,-1,-1,-1,-1,-1,-1,1
-1,-1,-1,-1,-1,-1,-1,1
-1,-1,-1,-1,-1,-1,-1,1
-1,-1,-1,-1,-1,-1,-1,1
-1,-1,-1,-1,-1,-1,-1,1
-1,-1,-1,-1,-1,-1,-1,1
-1,-1,-1,-1,-1,-1,-1,1
-1,-1,-1,-1,-1,-1,-1,1
-1,-1,-1,-1,-1,-1,-1,1
-1,-1,-1,-1,-1,-1,-1,1
-1,-1,-1,-1,-1,-1,-1,1
-1,-1,-1,-1,-1,-1,-1,1
-1,-1,-1,-1,-1,-1,-1,1
-1,-1,-1,-1,-1,-1,-1,1
-1,-1,-1,-1,-1,-1,-1,1
-1,-1,-1,-1,-1,-1,-1,1
-1,-1,-1,-1,-1,-1,-1,1
-1,-1,-1,-1,-1,-1,-1,1
-1,-1,-1,-1,-1,-1,-1,1
-1,-1,-1,-1,-1,-1,-1,1
-1,-1,-1,-1,-1,-1,-1,1
-1,-1,-1,-1,-1,-1,-1,1
-1,-1,-1,-1,-1,-1,-1,1
-1,-1,-1,-1,-1,-1,-1,1
-1,-1,-1,-1,-1,-1,-1,1
-1,-1,-1,-1,-1,-1,-1,1
-1,-1,-1,-1,-1,-1,-1,1
-1,-1,-1,-1,-1,-1,-1,1
-1,-1,-1,-1,-1,-1,-1,1
-1,-1,-1,-1,-1,-1,-1,1
-1,-1,-1,-1,-1,-1,-1,1
-1,-1,-1,-1,-1,-1,-1,1
-1,-1,-1,-1,-1,-1,-1,1
-1,-1,-1,-1,-1,-1,-1,1
-1,-1,-1,-1,-1,-1,-1,1
-1,-1,-1,-1,-1,-1,-1,1
-1,-1,-1,-1,-1,-1,-1,1
-1,-1,-1,-1,-1,-1,-1,1
-1,-1,-1,-1,-1,-1,-1,1
-1,-1,-1,-1,-1,-1,-1,1
-1,-1,-1,-1,-1,-1,-1,1
-1,-1,-1,-1,-1,-1,-1,1
-1,-1,-1,-1,-1,-1,-1,1
-1,-1,-1,-1,-1,-1,-1,1
-1,-1,-1,-1,-1,-1,-1,1
-1,-1,-1,-1,-1,-1,-1,1
-1,-1,-1,-1,-1,-1,-1,1
-1,-1,-1,-1,-1,-1,-1,1
-1,-1,-1,-1,-1,-1,-1,1
-1,-1,-1,-1,-1,-1,-1,1
-1,-1,-1,-1,-1,-1,-1,1
-1,-1,-1,-1,-1,-1,-1,1
-1,-1,-1,-1,-1,-1,-1,1
-1,-1,-1,-1,-1,-1,-1,1
-1,-1,-1,-1,-1,-1,-1,1
-1,-1,-1,-1,-1,-1,-1,1
-1,-1,-1,-1,-1,-1,-1,1
-1,-1,-1,-1,-1,-1,-1,1
-1,-1,-1,-1,-1,-1,-1,1
-1,-1,-1,-1,-1,-1,-1,1
-1,-1,-1,-1,-1,-1,-1,1
-1,-1,-1,-1,-1,-1,-1,1
-1,-1,-1,-1,-1,-1,-1,1
-1,-1,-1,-1,-1,-1,-1,1
-1,-1,-1,-1,-1,-1,-1,1
-1,-1,-1,-1,-1,-1,-1,1
-1,-1,-1,-1,-1,-1,-1,1
-1,-1,-1,-1,-1,-1,-1,1
-1,-1,-1,-1,-1,-1,-1,1
-1,-1,-1,-1,-1,-1,-1,1
-1,-1,-1,-1,-1,-1,-1,1
-1,-1,-1,-1,-1,-1,-1,1
-1,-1,-1,-1,-1,-1,-1,1
-1,-1,-1,-1,-1,-1,-1,1
-1,-1,-1,-1,-1,-1,-1,1
-1,-1,-1,-1,-1,-1,-1,1
-1,-1,-1,-1,-1,-1,-1,1
-1,-1,-1,-1,-1,-1,-1,1
-1,-1,-1,-1,-1,-1,-1,1
-1,-1,-1,-1,-1,-1,-1,1
-1,-1,-1,-1,-1,-1,-1,1
-1,-1,-1,-1,-1,-1,-1,1
-1,-1,-1,-1,-1,-1,-1,1
-1,-1,-1,-1,-1,-1,-1,1
-1,-1,-1,-1,-1,-1,-1,1
-1,-1,-1,-1,-1,-1,-1,1
-1,-1,-1,-1,-1,-1,-1,1
-1,-1,-1,-1,-1,-1,-1,1
-1,-1,-1,-1,-1,-1,-1,1
-1,-1,-1,-1,-1,-1,-1,1
-1,-1,-1,-1,-1,-1,-1,1
-1,-1,-1,-1,-1,-1,-1,1
-1,-1,-1,-1,-1,-1,-1,1
-1,-1,-1,-1,-1,-1,-1,1
-1,-1,-1,-1,-1,-1,-1,1
-1,-1,-1,-1,-1,-1,-1,1
-1,-1,-1,-1,-1,-1,-1,1
-1,-1,-1,-1,-1,-1,-1,1
-1,-1,-1,-1,-1,-1,-1,1
-1,-1,-1,-1,-1,-1,-1,1
-1,-1,-1,-1,-1,-1,-1,1
-1,-1,-1,-1,-1,-1,-1,1
-1,-1,-1,-1,-1,-1,-1,1
-1,-1,-1,-1,-1,-1,-1,1
-1,-1,-1,-1,-1,-1,-1,1
-1,-1,-1,-1,-1,-1,-1,1
-1,-1,-1,-1,-1,-1,-1,1
-1,-1,-1,-1,-1,-1,-1,1
-1,-1,-1,-1,-1,-1,-1,1
-1,-1,-1,-1,-1,-1,-1,1
-1,-1,-1,-1,-1,-1,-1,1
-1,-1,-1,-1,-1,-1,-1,1
-1,-1,-1,-1,-1,-1,-1,1
-1,-1,-1,-1,-1,-1,-1,1
-1,-1,-1,-1,-1,-1,-1,1
-1,-1,-1,-1,-1,-1,-1,1
-1,-1,-1,-1,-1,-1,-1,1
-1,-1,-1,-1,-1,-1,-1,1
-1,-1,-1,-1,-1,-1,-1,1
-1,-1,-1,-1,-1,-1,-1,1
-1,-1,-1,-1,-1,-1,-1,1
-1,-1,-1,-1,-1,-1,-1,1
-1,-1,-1,-1,-1,-1,-1,1
-1,-1,-1,-1,-1,-1,-1,1
-1,-1,-1,-1,-1,-1,-1,1
-1,-1,-1,-1,-1,-1,-1,1
-1,-1,-1,-1,-1,-1,-1,1
-1,-1,-1,-1,-1,-1,-1,1
-1,-1,-1,-1,-1,-1,-1,1
-1,-1,-1,-1,-1,-1,-1,1
-1,-1,-1,-1,-1,-1,-1,1
-1,-1,-1,-1,-1,-1,-1,1
-1,-1,-1,-1,-1,-1,-1,1
-1,-1,-1,-1,-1,-1,-1,1
-1,-1,-1,-1,-1,-1,-1,1
-1,-1,-1,-1,-1,-1,-1,1
-1,-1,-1,-1,-1,-1,-1,1
-1,-1,-1,-1,-1,-1,-1,1
-1,-1,-1,-1,-1,-1,-1,1
-1,-1,-1,-1,-1,-1,-1,1
-1,-1,-1,-1,-1,-1,-1,1
-1,-1,-1,-1,-1,-1,-1,1
-1,-1,-1,-1,-1,-1,-1,1
-1,-1,-1,-1,-1,-1,-1,1
-1,-1,-1,-1,-1,-1,-1,1
-1,-1,-1,-1,-1,-1,-1,1
-1,-1,-1,-1,-1,-1,-1,1
-1,-1,-1,-1,-1,-1,-1,1
-1,-1,-1,-1,-1,-1,-1,1
-1,-1,-1,-1,-1,-1,-1,1
-1,-1,-1,-1,-1,-1,-1,1
-1,-1,-1,-1,-1,-1,-1,1
-1,-1,-1,-1,-1,-1,-1,1
-1,-1,-1,-1,-1,-1,-1,1
-1,-1,-1,-1,-1,-1,-1,1
-1,-1,-1,-1,-1,-1,-1,1
-1,-1,-1,-1,-1,-1,-1,1
-1,-1,-1,-1,-1,-1,-1,1
-1,-1,-1,-1,-1,-1,-1,1
-1,-1,-1,-1,-1,-1,-1,1
-1,-1,-1,-1,-1,-1,-1,1
-1,-1,-1,-1,-1,-1,-1,1
-1,-1,-1,-1,-1,-1,-1,1
-1,-1,-1,-1,-1,-1,-1,1
-1,-1,-1,-1,-1,-1,-1,1
-1,-1,-1,-1,-1,-1,-1,1
-1,-1,-1,-1,-1,-1,-1,1
-1,-1,-1,-1,-1,-1,-1,1
-1,-1,-1,-1,-1,-1,-1,1
-1,-1,-1,-1,-1,-1,-1,1
-1,-1,-1,-1,-1,-1,-1,1
-1,-1,-1,-1,-1,-1,-1,1
-1,-1,-1,-1,-1,-1,-1,1
-1,-1,-1,-1,-1,-1,-1,1
-1,-1,-1,-1,-1,-1,-1,1
-1,-1,-1,-1,-1,-1,-1,1
-1,-1,-1,-1,-1,-1,-1,1
-1,-1,-1,-1,-1,-1,-1,1
-1,-1,-1,-1,-1,-1,-1,1
-1,-1,-1,-1,-1,-1,-1,1
-1,-1,-1,-1,-1,-1,-1,1
-1,-1,-1,-1,-1,-1,-1,1
-1,-1,-1,-1,-1,-1,-1,1
-1,-1,-1,-1,-1,-1,-1,1
-1,-1,-1,-1,-1,-1,-1,1
-1,-1,-1,-1,-1,-1,-1,1
-1,-1,-1,-1,-1,-1,-1,1
-1,-1,-1,-1,-1,-1,-1,1
-1,-1,-1,-1,-1,-1,-1,1
-1,-1,-1,-1,-1,-1,-1,1
-1,-1,-1,-1,-1,-1,-1,1
-1,-1,-1,-1,-1,-1,-1,1
-1,-1,-1,-1,-1,-1,-1,1
-1,-1,-1,-1,-1,-1,-1,1
-1,-1,-1,-1,-1,-1,-1,1
-1,-1,-1,-1,-1,-1,-1,1
-1,-1,-1,-1,-1,-1,-1,1
-1,-1,-1,-1,-1,-1,-1,1
-1,-1,-1,-1,-1,-1,-1,1
-1,-1,-1,-1,-1,-1,-1,1
-1,-1,-1,-1,-1,-1,-1,1
-1,-1,-1,-1,-1,-1,-1,1
-1,-1,-1,-1,-1,-1,-1,1
-1,-1,-1,-1,-1,-1,-1,1
-1,-1,-1,-1,-1,-1,-1,1
-1,-1,-1,-1,-1,-1,-1,1
-1,-1,-1,-1,-1,-1,-1,1
-1,-1,-1,-1,-1,-1,-1,1
-1,-1,-1,-1,-1,-1,-1,1
-1,-1,-1,-1,-1,-1,-1,1
-1,-1,-1,-1,-1,-1,-1,1
-1,-1,-1,-1,-1,-1,-1,1
-1,-1,-1,-1,-1,-1,-1,1
-1,-1,-1,-1,-1,-1,-1,1
-1,-1,-1,-1,-1,-1,-1,1
-1,-1,-1,-1,-1,-1,-1,1
-1,-1,-1,-1,-1,-1,-1,1
-1,-1,-1,-1,-1,-1,-1,1
-1,-1,-1,-1,-1,-1,-1,1
-1,-1,-1,-1,-1,-1,-1,1
-1,-1,-1,-1,-1,-1,-1,1
-1,-1,-1,-1,-1,-1,-1,1
-1,-1,-1,-1,-1,-1,-1,1
-1,-1,-1,-1,-1,-1,-1,1
-1,-1,-1,-1,-1,-1,-1,1
-1,-1,-1,-1,-1,-1,-1,1
-1,-1,-1,-1,-1,-1,-1,1
-1,-1,-1,-1,-1,-1,-1,1
-1,-1,-1,-1,-1,-1,-1,1
-1,-1,-1,-1,-1,-1,-1,1
-1,-1,-1,-1,-1,-1,-1,1
-1,-1,-1,-1,-1,-1,-1,1
-1,-1,-1,-1,-1,-1,-1,1
-1,-1,-1,-1,-1,-1,-1,1
-1,-1,-1,-1,-1,-1,-1,1
-1,-1,-1,-1,-1,-1,-1,1
-1,-1,-1,-1,-1,-1,-1,1
-1,-1,-1,-1,-1,-1,-1,1
-1,-1,-1,-1,-1,-1,-1,1
-1,-1,-1,-1,-1,-1,-1,1
-1,-1,-1,-1,-1,-1,-1,1
-1,-1,-1,-1,-1,-1,-1,1
-1,-1,-1,-1,-1,-1,-1,1
-1,-1,-1,-1,-1,-1,-1,1
-1,-1,-1,-1,-1,-1,-1,1
-1,-1,-1,-1,-1,-1,-1,1
-1,-1,-1,-1,-1,-1,-1,1
-1,-1,-1,-1,-1,-1,-1,1
-1,-1,-1,-1,-1,-1,-1,1
-1,-1,-1,-1,-1,-1,-1,1
-1,-1,-1,-1,-1,-1,-1,1
-1,-1,-1,-1,-1,-1,-1,1
-1,-1,-1,-1,-1,-1,-1,1
-1,-1,-1,-1,-1,-1,-1,1
-1,-1,-1,-1,-1,-1,-1,1
-1,-1,-1,-1,-1,-1,-1,1
-1,-1,-1,-1,-1,-1,-1,1
-1,-1,-1,-1,-1,-1,-1,1
-1,-1,-1,-1,-1,-1,-1,1
-1,-1,-1,-1,-1,-1,-1,1
1,12,1,1,1,1,1,1
-1,-1,-1,-1,-1,-1,-1,1
-1,-1,-1,-1,-1,-1,-1,1
-1,-1,-1,-1,-1,-1,-1,1
-1,-1,-1,-1,-1,-1,-1,1
-1,-1,-1,-1,-1,-1,-1,1
-1,-1,-1,-1,-1,-1,-1,1
-1,-1,-1,-1,-1,-1,-1,1
-1,-1,-1,-1,-1,-1,-1,1
-1,-1,-1,-1,-1,-1,-1,1
-1,-1,-1,-1,-1,-1,-1,1
-1,-1,-1,-1,-1,-1,-1,1
-1,-1,-1,-1,-1,-1,-1,1
-1,-1,-1,-1,-1,-1,-1,1
-1,-1,-1,-1,-1,-1,-1,1
-1,-1,-1,-1,-1,-1,-1,1
-1,-1,-1,-1,-1,-1,-1,1
-1,-1,-1,-1,-1,-1,-1,1
-1,-1,-1,-1,-1,-1,-1,1
-1,-1,-1,-1,-1,-1,-1,1
-1,-1,-1,-1,-1,-1,-1,1
-1,-1,-1,-1,-1,-1,-1,1
-1,-1,-1,-1,-1,-1,-1,1
-1,-1,-1,-1,-1,-1,-1,1
-1,-1,-1,-1,-1,-1,-1,1
-1,-1,-1,-1,-1,-1,-1,1
-1,-1,-1,-1,-1,-1,-1,1
-1,-1,-1,-1,-1,-1,-1,1
-1,-1,-1,-1,-1,-1,-1,1
1,12,3,1,1,1,1,1
-1,-1,-1,-1,-1,-1,-1,1
-1,-1,-1,-1,-1,-1,-1,1
-1,-1,-1,-1,-1,-1,-1,1
-1,-1,-1,-1,-1,-1,-1,1
-1,-1,-1,-1,-1,-1,-1,1
-1,-1,-1,-1,-1,-1,-1,1
-1,-1,-1,-1,-1,-1,-1,1
-1,-1,-1,-1,-1,-1,-1,1
-1,-1,-1,-1,-1,-1,-1,1
-1,-1,-1,-1,-1,-1,-1,1
-1,-1,-1,-1,-1,-1,-1,1
-1,-1,-1,-1,-1,-1,-1,1
-1,-1,-1,-1,-1,-1,-1,1
-1,-1,-1,-1,-1,-1,-1,1
-1,-1,-1,-1,-1,-1,-1,1
1,1,2,4,-1,2,6,1
-1,-1,-1,-1,-1,-1,-1,1
-1,-1,-1,-1,-1,-1,-1,1
-1,-1,-1,-1,-1,-1,-1,1
-1,-1,-1,-1,-1,-1,-1,1
-1,-1,-1,-1,-1,-1,-1,1
-1,-1,-1,-1,-1,-1,-1,1
-1,-1,-1,-1,-1,-1,-1,1
-1,-1,-1,-1,-1,-1,-1,1
-1,-1,-1,-1,-1,-1,-1,1
-1,-1,-1,-1,-1,-1,-1,1
-1,-1,-1,-1,-1,-1,-1,1
-1,-1,-1,-1,-1,-1,-1,1
-1,-1,-1,-1,-1,-1,-1,1
-1,-1,-1,-1,-1,-1,-1,1
-1,-1,-1,-1,-1,-1,-1,1
-1,-1,-1,-1,-1,-1,-1,1
-1,-1,-1,-1,-1,-1,-1,1
-1,-1,-1,-1,-1,-1,-1,1
-1,-1,-1,-1,-1,-1,-1,1
-1,-1,-1,-1,-1,-1,-1,1
-1,-1,-1,-1,-1,-1,-1,1
-1,-1,-1,-1,-1,-1,-1,1
-1,-1,-1,-1,-1,-1,-1,1
-1,-1,-1,-1,-1,-1,-1,1
-1,-1,-1,-1,-1,-1,-1,1
-1,-1,-1,-1,-1,-1,-1,1
-1,-1,-1,-1,-1,-1,-1,1
-1,-1,-1,-1,-1,-1,-1,1
-1,-1,-1,-1,-1,-1,-1,1
-1,-1,-1,-1,-1,-1,-1,1
-1,-1,-1,-1,-1,-1,-1,1
-1,-1,-1,-1,-1,-1,-1,1
-1,-1,-1,-1,-1,-1,-1,1
-1,-1,-1,-1,-1,-1,-1,1
-1,-1,-1,-1,-1,-1,-1,1
-1,-1,-1,-1,-1,-1,-1,1
-1,-1,-1,-1,-1,-1,-1,1
-1,-1,-1,-1,-1,-1,-1,1
-1,-1,-1,-1,-1,-1,-1,1
-1,-1,-1,-1,-1,-1,-1,1
-1,-1,-1,-1,-1,-1,-1,1
-1,-1,-1,-1,-1,-1,-1,1
-1,-1,-1,-1,-1,-1,-1,1
-1,-1,-1,-1,-1,-1,-1,1
-1,-1,-1,-1,-1,-1,-1,1
-1,-1,-1,-1,-1,-1,-1,1
-1,-1,-1,-1,-1,-1,-1,1
-1,-1,-1,-1,-1,-1,-1,1
-1,-1,-1,-1,-1,-1,-1,1
-1,-1,-1,-1,-1,-1,-1,1
-1,-1,-1,-1,-1,-1,-1,1
-1,-1,-1,-1,-1,-1,-1,1
-1,-1,-1,-1,-1,-1,-1,1
-1,-1,-1,-1,-1,-1,-1,1
-1,-1,-1,-1,-1,-1,-1,1
-1,-1,-1,-1,-1,-1,-1,1
-1,-1,-1,-1,-1,-1,-1,1
-1,-1,-1,-1,-1,-1,-1,1
-1,-1,-1,-1,-1,-1,-1,1
-1,-1,-1,-1,-1,-1,-1,1
-1,-1,-1,-1,-1,-1,-1,1
-1,-1,-1,-1,-1,-1,-1,1
-1,-1,-1,-1,-1,-1,-1,1
-1,-1,-1,-1,-1,-1,-1,1
-1,-1,-1,-1,-1,-1,-1,1
-1,-1,-1,-1,-1,-1,-1,1
-1,-1,-1,-1,-1,-1,-1,1
1,2,2,4,-1,2,6,1
-1,-1,-1,-1,-1,-1,-1,1
-1,-1,-1,-1,-1,-1,-1,1
-1,-1,-1,-1,-1,-1,-1,1
-1,-1,-1,-1,-1,-1,-1,1
-1,-1,-1,-1,-1,-1,-1,1
-1,-1,-1,-1,-1,-1,-1,1
-1,-1,-1,-1,-1,-1,-1,1
-1,-1,-1,-1,-1,-1,-1,1
-1,-1,-1,-1,-1,-1,-1,1
-1,-1,-1,-1,-1,-1,-1,1
-1,-1,-1,-1,-1,-1,-1,1
-1,-1,-1,-1,-1,-1,-1,1
-1,-1,-1,-1,-1,-1,-1,1
-1,-1,-1,-1,-1,-1,-1,1
-1,-1,-1,-1,-1,-1,-1,1
-1,-1,-1,-1,-1,-1,-1,1
-1,-1,-1,-1,-1,-1,-1,1
-1,-1,-1,-1,-1,-1,-1,1
-1,-1,-1,-1,-1,-1,-1,1
-1,-1,-1,-1,-1,-1,-1,1
-1,-1,-1,-1,-1,-1,-1,1
-1,-1,-1,-1,-1,-1,-1,1
-1,-1,-1,-1,-1,-1,-1,1
-1,-1,-1,-1,-1,-1,-1,1
-1,-1,-1,-1,-1,-1,-1,1
-1,-1,-1,-1,-1,-1,-1,1
-1,-1,-1,-1,-1,-1,-1,1
-1,-1,-1,-1,-1,-1,-1,1
-1,-1,-1,-1,-1,-1,-1,1
-1,-1,-1,-1,-1,-1,-1,1
-1,-1,-1,-1,-1,-1,-1,1
-1,-1,-1,-1,-1,-1,-1,1
-1,-1,-1,-1,-1,-1,-1,1
-1,-1,-1,-1,-1,-1,-1,1
-1,-1,-1,-1,-1,-1,-1,1
-1,-1,-1,-1,-1,-1,-1,1
-1,-1,-1,-1,-1,-1,-1,1
-1,-1,-1,-1,-1,-1,-1,1
-1,-1,-1,-1,-1,-1,-1,1
-1,-1,-1,-1,-1,-1,-1,1
-1,-1,-1,-1,-1,-1,-1,1
-1,-1,-1,-1,-1,-1,-1,1
-1,-1,-1,-1,-1,-1,-1,1
-1,-1,-1,-1,-1,-1,-1,1
-1,-1,-1,-1,-1,-1,-1,1
-1,-1,-1,-1,-1,-1,-1,1
-1,-1,-1,-1,-1,-1,-1,1
-1,-1,-1,-1,-1,-1,-1,1
-1,-1,-1,-1,-1,-1,-1,1
-1,-1,-1,-1,-1,-1,-1,1
-1,-1,-1,-1,-1,-1,-1,1
-1,-1,-1,-1,-1,-1,-1,1
-1,-1,-1,-1,-1,-1,-1,1
-1,-1,-1,-1,-1,-1,-1,1
-1,-1,-1,-1,-1,-1,-1,1
-1,-1,-1,-1,-1,-1,-1,1
-1,-1,-1,-1,-1,-1,-1,1
-1,-1,-1,-1,-1,-1,-1,1
-1,-1,-1,-1,-1,-1,-1,1
-1,-1,-1,-1,-1,-1,-1,1
-1,-1,-1,-1,-1,-1,-1,1
-1,-1,-1,-1,-1,-1,-1,1
-1,-1,-1,-1,-1,-1,-1,1
-1,-1,-1,-1,-1,-1,-1,1
-1,-1,-1,-1,-1,-1,-1,1
-1,-1,-1,-1,-1,-1,-1,1
-1,-1,-1,-1,-1,-1,-1,1
-1,-1,-1,-1,-1,-1,-1,1
-1,-1,-1,-1,-1,-1,-1,1
-1,-1,-1,-1,-1,-1,-1,1
-1,-1,-1,-1,-1,-1,-1,1
-1,-1,-1,-1,-1,-1,-1,1
-1,-1,-1,-1,-1,-1,-1,1
-1,-1,-1,-1,-1,-1,-1,1
-1,-1,-1,-1,-1,-1,-1,1
-1,-1,-1,-1,-1,-1,-1,1
-1,-1,-1,-1,-1,-1,-1,1
-1,-1,-1,-1,-1,-1,-1,1
-1,-1,-1,-1,-1,-1,-1,1
-1,-1,-1,-1,-1,-1,-1,1
-1,-1,-1,-1,-1,-1,-1,1
-1,-1,-1,-1,-1,-1,-1,1
-1,-1,-1,-1,-1,-1,-1,1
-1,-1,-1,-1,-1,-1,-1,1
-1,-1,-1,-1,-1,-1,-1,1
-1,-1,-1,-1,-1,-1,-1,1
-1,-1,-1,-1,-1,-1,-1,1
-1,-1,-1,-1,-1,-1,-1,1
-1,-1,-1,-1,-1,-1,-1,1
-1,-1,-1,-1,-1,-1,-1,1
-1,-1,-1,-1,-1,-1,-1,1
-1,-1,-1,-1,-1,-1,-1,1
-1,-1,-1,-1,-1,-1,-1,1
-1,-1,-1,-1,-1,-1,-1,1
-1,-1,-1,-1,-1,-1,-1,1
-1,-1,-1,-1,-1,-1,-1,1
-1,-1,-1,-1,-1,-1,-1,1
-1,-1,-1,-1,-1,-1,-1,1
-1,-1,-1,-1,-1,-1,-1,1
-1,-1,-1,-1,-1,-1,-1,1
-1,-1,-1,-1,-1,-1,-1,1
-1,-1,-1,-1,-1,-1,-1,1
-1,-1,-1,-1,-1,-1,-1,1
-1,-1,-1,-1,-1,-1,-1,1
-1,-1,-1,-1,-1,-1,-1,1
-1,-1,-1,-1,-1,-1,-1,1
-1,-1,-1,-1,-1,-1,-1,1
-1,-1,-1,-1,-1,-1,-1,1
-1,-1,-1,-1,-1,-1,-1,1
-1,-1,-1,-1,-1,-1,-1,1
-1,-1,-1,-1,-1,-1,-1,1
-1,-1,-1,-1,-1,-1,-1,1
-1,-1,-1,-1,-1,-1,-1,1
-1,-1,-1,-1,-1,-1,-1,1
-1,-1,-1,-1,-1,-1,-1,1
-1,-1,-1,-1,-1,-1,-1,1
-1,-1,-1,-1,-1,-1,-1,1
-1,-1,-1,-1,-1,-1,-1,1
1,7,2,4,-1,1,6,1
-1,-1,-1,-1,-1,-1,-1,1
-1,-1,-1,-1,-1,-1,-1,1
-1,-1,-1,-1,-1,-1,-1,1
-1,-1,-1,-1,-1,-1,-1,1
-1,-1,-1,-1,-1,-1,-1,1
-1,-1,-1,-1,-1,-1,-1,1
-1,-1,-1,-1,-1,-1,-1,1
-1,-1,-1,-1,-1,-1,-1,1
-1,-1,-1,-1,-1,-1,-1,1
-1,-1,-1,-1,-1,-1,-1,1
-1,-1,-1,-1,-1,-1,-1,1
-1,-1,-1,-1,-1,-1,-1,1
-1,-1,-1,-1,-1,-1,-1,1
-1,-1,-1,-1,-1,-1,-1,1
-1,-1,-1,-1,-1,-1,-1,1
-1,-1,-1,-1,-1,-1,-1,1
-1,-1,-1,-1,-1,-1,-1,1
-1,-1,-1,-1,-1,-1,-1,1
-1,-1,-1,-1,-1,-1,-1,1
-1,-1,-1,-1,-1,-1,-1,1
-1,-1,-1,-1,-1,-1,-1,1
-1,-1,-1,-1,-1,-1,-1,1
-1,-1,-1,-1,-1,-1,-1,1
-1,-1,-1,-1,-1,-1,-1,1
-1,-1,-1,-1,-1,-1,-1,1
-1,-1,-1,-1,-1,-1,-1,1
-1,-1,-1,-1,-1,-1,-1,1
-1,-1,-1,-1,-1,-1,-1,1
-1,-1,-1,-1,-1,-1,-1,1
-1,-1,-1,-1,-1,-1,-1,1
-1,-1,-1,-1,-1,-1,-1,1
-1,-1,-1,-1,-1,-1,-1,1
-1,-1,-1,-1,-1,-1,-1,1
-1,-1,-1,-1,-1,-1,-1,1
-1,-1,-1,-1,-1,-1,-1,1
-1,-1,-1,-1,-1,-1,-1,1
-1,-1,-1,-1,-1,-1,-1,1
-1,-1,-1,-1,-1,-1,-1,1
-1,-1,-1,-1,-1,-1,-1,1
-1,-1,-1,-1,-1,-1,-1,1
-1,-1,-1,-1,-1,-1,-1,1
-1,-1,-1,-1,-1,-1,-1,1
-1,-1,-1,-1,-1,-1,-1,1
-1,-1,-1,-1,-1,-1,-1,1
-1,-1,-1,-1,-1,-1,-1,1
-1,-1,-1,-1,-1,-1,-1,1
-1,-1,-1,-1,-1,-1,-1,1
-1,-1,-1,-1,-1,-1,-1,1
-1,-1,-1,-1,-1,-1,-1,1
-1,-1,-1,-1,-1,-1,-1,1
-1,-1,-1,-1,-1,-1,-1,1
-1,-1,-1,-1,-1,-1,-1,1
-1,-1,-1,-1,-1,-1,-1,1
-1,-1,-1,-1,-1,-1,-1,1
-1,-1,-1,-1,-1,-1,-1,1
-1,-1,-1,-1,-1,-1,-1,1
-1,-1,-1,-1,-1,-1,-1,1
-1,-1,-1,-1,-1,-1,-1,1
-1,-1,-1,-1,-1,-1,-1,1
-1,-1,-1,-1,-1,-1,-1,1
-1,-1,-1,-1,-1,-1,-1,1
-1,-1,-1,-1,-1,-1,-1,1
-1,-1,-1,-1,-1,-1,-1,1
-1,-1,-1,-1,-1,-1,-1,1
-1,-1,-1,-1,-1,-1,-1,1
-1,-1,-1,-1,-1,-1,-1,1
-1,-1,-1,-1,-1,-1,-1,1
-1,-1,-1,-1,-1,-1,-1,1
-1,-1,-1,-1,-1,-1,-1,1
-1,-1,-1,-1,-1,-1,-1,1
-1,-1,-1,-1,-1,-1,-1,1
-1,-1,-1,-1,-1,-1,-1,1
-1,-1,-1,-1,-1,-1,-1,1
-1,-1,-1,-1,-1,-1,-1,1
-1,-1,-1,-1,-1,-1,-1,1
-1,-1,-1,-1,-1,-1,-1,1
-1,-1,-1,-1,-1,-1,-1,1
-1,-1,-1,-1,-1,-1,-1,1
-1,-1,-1,-1,-1,-1,-1,1
-1,-1,-1,-1,-1,-1,-1,1
-1,-1,-1,-1,-1,-1,-1,1
-1,-1,-1,-1,-1,-1,-1,1
-1,-1,-1,-1,-1,-1,-1,1
-1,-1,-1,-1,-1,-1,-1,1
-1,-1,-1,-1,-1,-1,-1,1
-1,-1,-1,-1,-1,-1,-1,1
-1,-1,-1,-1,-1,-1,-1,1
-1,-1,-1,-1,-1,-1,-1,1
-1,-1,-1,-1,-1,-1,-1,1
-1,-1,-1,-1,-1,-1,-1,1
-1,-1,-1,-1,-1,-1,-1,1
-1,-1,-1,-1,-1,-1,-1,1
-1,-1,-1,-1,-1,-1,-1,1
-1,-1,-1,-1,-1,-1,-1,1
-1,-1,-1,-1,-1,-1,-1,1
-1,-1,-1,-1,-1,-1,-1,1
-1,-1,-1,-1,-1,-1,-1,1
-1,-1,-1,-1,-1,-1,-1,1
-1,-1,-1,-1,-1,-1,-1,1
-1,-1,-1,-1,-1,-1,-1,1
-1,-1,-1,-1,-1,-1,-1,1
-1,-1,-1,-1,-1,-1,-1,1
-1,-1,-1,-1,-1,-1,-1,1
-1,-1,-1,-1,-1,-1,-1,1
-1,-1,-1,-1,-1,-1,-1,1
-1,-1,-1,-1,-1,-1,-1,1
-1,-1,-1,-1,-1,-1,-1,1
-1,-1,-1,-1,-1,-1,-1,1
-1,-1,-1,-1,-1,-1,-1,1
-1,-1,-1,-1,-1,-1,-1,1
-1,-1,-1,-1,-1,-1,-1,1
-1,-1,-1,-1,-1,-1,-1,1
-1,-1,-1,-1,-1,-1,-1,1
-1,-1,-1,-1,-1,-1,-1,1
-1,-1,-1,-1,-1,-1,-1,1
-1,-1,-1,-1,-1,-1,-1,1
-1,-1,-1,-1,-1,-1,-1,1
1,6,3,1,2,1,10,1
-1,-1,-1,-1,-1,-1,-1,1
-1,-1,-1,-1,-1,-1,-1,1
-1,-1,-1,-1,-1,-1,-1,1
-1,-1,-1,-1,-1,-1,-1,1
-1,-1,-1,-1,-1,-1,-1,1
-1,-1,-1,-1,-1,-1,-1,1
-1,-1,-1,-1,-1,-1,-1,1
-1,-1,-1,-1,-1,-1,-1,1
-1,-1,-1,-1,-1,-1,-1,1
-1,-1,-1,-1,-1,-1,-1,1
-1,-1,-1,-1,-1,-1,-1,1
-1,-1,-1,-1,-1,-1,-1,1
-1,-1,-1,-1,-1,-1,-1,1
-1,-1,-1,-1,-1,-1,-1,1
-1,-1,-1,-1,-1,-1,-1,1
-1,-1,-1,-1,-1,-1,-1,1
-1,-1,-1,-1,-1,-1,-1,1
-1,-1,-1,-1,-1,-1,-1,1
-1,-1,-1,-1,-1,-1,-1,1
-1,-1,-1,-1,-1,-1,-1,1
-1,-1,-1,-1,-1,-1,-1,1
-1,-1,-1,-1,-1,-1,-1,1
-1,-1,-1,-1,-1,-1,-1,1
-1,-1,-1,-1,-1,-1,-1,1
-1,-1,-1,-1,-1,-1,-1,1
-1,-1,-1,-1,-1,-1,-1,1
-1,-1,-1,-1,-1,-1,-1,1
-1,-1,-1,-1,-1,-1,-1,1
-1,-1,-1,-1,-1,-1,-1,1
-1,-1,-1,-1,-1,-1,-1,1
-1,-1,-1,-1,-1,-1,-1,1
-1,-1,-1,-1,-1,-1,-1,1
-1,-1,-1,-1,-1,-1,-1,1
-1,-1,-1,-1,-1,-1,-1,1
-1,-1,-1,-1,-1,-1,-1,1
-1,-1,-1,-1,-1,-1,-1,1
-1,-1,-1,-1,-1,-1,-1,1
-1,-1,-1,-1,-1,-1,-1,1
-1,-1,-1,-1,-1,-1,-1,1
-1,-1,-1,-1,-1,-1,-1,1
-1,-1,-1,-1,-1,-1,-1,1
-1,-1,-1,-1,-1,-1,-1,1
-1,-1,-1,-1,-1,-1,-1,1
-1,-1,-1,-1,-1,-1,-1,1
-1,-1,-1,-1,-1,-1,-1,1
-1,-1,-1,-1,-1,-1,-1,1
-1,-1,-1,-1,-1,-1,-1,1
-1,-1,-1,-1,-1,-1,-1,1
-1,-1,-1,-1,-1,-1,-1,1
-1,-1,-1,-1,-1,-1,-1,1
-1,-1,-1,-1,-1,-1,-1,1
-1,-1,-1,-1,-1,-1,-1,1
-1,-1,-1,-1,-1,-1,-1,1
-1,-1,-1,-1,-1,-1,-1,1
-1,-1,-1,-1,-1,-1,-1,1
-1,-1,-1,-1,-1,-1,-1,1
-1,-1,-1,-1,-1,-1,-1,1
-1,-1,-1,-1,-1,-1,-1,1
-1,-1,-1,-1,-1,-1,-1,1
-1,-1,-1,-1,-1,-1,-1,1
-1,-1,-1,-1,-1,-1,-1,1
-1,-1,-1,-1,-1,-1,-1,1
-1,-1,-1,-1,-1,-1,-1,1
-1,-1,-1,-1,-1,-1,-1,1
-1,-1,-1,-1,-1,-1,-1,1
-1,-1,-1,-1,-1,-1,-1,1
-1,-1,-1,-1,-1,-1,-1,1
-1,-1,-1,-1,-1,-1,-1,1
-1,-1,-1,-1,-1,-1,-1,1
-1,-1,-1,-1,-1,-1,-1,1
-1,-1,-1,-1,-1,-1,-1,1
-1,-1,-1,-1,-1,-1,-1,1
-1,-1,-1,-1,-1,-1,-1,1
-1,-1,-1,-1,-1,-1,-1,1
-1,-1,-1,-1,-1,-1,-1,1
-1,-1,-1,-1,-1,-1,-1,1
-1,-1,-1,-1,-1,-1,-1,1
-1,-1,-1,-1,-1,-1,-1,1
-1,-1,-1,-1,-1,-1,-1,1
-1,-1,-1,-1,-1,-1,-1,1
-1,-1,-1,-1,-1,-1,-1,1
-1,-1,-1,-1,-1,-1,-1,1
-1,-1,-1,-1,-1,-1,-1,1
-1,-1,-1,-1,-1,-1,-1,1
-1,-1,-1,-1,-1,-1,-1,1
-1,-1,-1,-1,-1,-1,-1,1
-1,-1,-1,-1,-1,-1,-1,1
-1,-1,-1,-1,-1,-1,-1,1
-1,-1,-1,-1,-1,-1,-1,1
-1,-1,-1,-1,-1,-1,-1,1
-1,-1,-1,-1,-1,-1,-1,1
-1,-1,-1,-1,-1,-1,-1,1
-1,-1,-1,-1,-1,-1,-1,1
-1,-1,-1,-1,-1,-1,-1,1
-1,-1,-1,-1,-1,-1,-1,1
-1,-1,-1,-1,-1,-1,-1,1
-1,-1,-1,-1,-1,-1,-1,1
-1,-1,-1,-1,-1,-1,-1,1
-1,-1,-1,-1,-1,-1,-1,1
-1,-1,-1,-1,-1,-1,-1,1
-1,-1,-1,-1,-1,-1,-1,1
-1,-1,-1,-1,-1,-1,-1,1
-1,-1,-1,-1,-1,-1,-1,1
-1,-1,-1,-1,-1,-1,-1,1
-1,-1,-1,-1,-1,-1,-1,1
-1,-1,-1,-1,-1,-1,-1,1
-1,-1,-1,-1,-1,-1,-1,1
-1,-1,-1,-1,-1,-1,-1,1
-1,-1,-1,-1,-1,-1,-1,1
-1,-1,-1,-1,-1,-1,-1,1
-1,-1,-1,-1,-1,-1,-1,1
-1,-1,-1,-1,-1,-1,-1,1
-1,-1,-1,-1,-1,-1,-1,1
-1,-1,-1,-1,-1,-1,-1,1
-1,-1,-1,-1,-1,-1,-1,1
-1,-1,-1,-1,-1,-1,-1,1
-1,-1,-1,-1,-1,-1,-1,1
-1,-1,-1,-1,-1,-1,-1,1
-1,-1,-1,-1,-1,-1,-1,1
-1,-1,-1,-1,-1,-1,-1,1
-1,-1,-1,-1,-1,-1,-1,1
-1,-1,-1,-1,-1,-1,-1,1
-1,-1,-1,-1,-1,-1,-1,1
-1,-1,-1,-1,-1,-1,-1,1
-1,-1,-1,-1,-1,-1,-1,1
-1,-1,-1,-1,-1,-1,-1,1
-1,-1,-1,-1,-1,-1,-1,1
-1,-1,-1,-1,-1,-1,-1,1
-1,-1,-1,-1,-1,-1,-1,1
-1,-1,-1,-1,-1,-1,-1,1
-1,-1,-1,-1,-1,-1,-1,1
-1,-1,-1,-1,-1,-1,-1,1
-1,-1,-1,-1,-1,-1,-1,1
-1,-1,-1,-1,-1,-1,-1,1
-1,-1,-1,-1,-1,-1,-1,1
-1,-1,-1,-1,-1,-1,-1,1
-1,-1,-1,-1,-1,-1,-1,1
-1,-1,-1,-1,-1,-1,-1,1
-1,-1,-1,-1,-1,-1,-1,1
-1,-1,-1,-1,-1,-1,-1,1
-1,-1,-1,-1,-1,-1,-1,1
-1,-1,-1,-1,-1,-1,-1,1
-1,-1,-1,-1,-1,-1,-1,1
-1,-1,-1,-1,-1,-1,-1,1
-1,-1,-1,-1,-1,-1,-1,1
-1,-1,-1,-1,-1,-1,-1,1
-1,-1,-1,-1,-1,-1,-1,1
-1,-1,-1,-1,-1,-1,-1,1
-1,-1,-1,-1,-1,-1,-1,1
-1,-1,-1,-1,-1,-1,-1,1
-1,-1,-1,-1,-1,-1,-1,1
-1,-1,-1,-1,-1,-1,-1,1
-1,-1,-1,-1,-1,-1,-1,1
-1,-1,-1,-1,-1,-1,-1,1
-1,-1,-1,-1,-1,-1,-1,1
-1,-1,-1,-1,-1,-1,-1,1
-1,-1,-1,-1,-1,-1,-1,1
-1,-1,-1,-1,-1,-1,-1,1
-1,-1,-1,-1,-1,-1,-1,1
-1,-1,-1,-1,-1,-1,-1,1
-1,-1,-1,-1,-1,-1,-1,1
-1,-1,-1,-1,-1,-1,-1,1
-1,-1,-1,-1,-1,-1,-1,1
-1,-1,-1,-1,-1,-1,-1,1
-1,-1,-1,-1,-1,-1,-1,1
-1,-1,-1,-1,-1,-1,-1,1
-1,-1,-1,-1,-1,-1,-1,1
-1,-1,-1,-1,-1,-1,-1,1
-1,-1,-1,-1,-1,-1,-1,1
-1,-1,-1,-1,-1,-1,-1,1
-1,-1,-1,-1,-1,-1,-1,1
-1,-1,-1,-1,-1,-1,-1,1
-1,-1,-1,-1,-1,-1,-1,1
-1,-1,-1,-1,-1,-1,-1,1
-1,-1,-1,-1,-1,-1,-1,1
-1,-1,-1,-1,-1,-1,-1,1
-1,-1,-1,-1,-1,-1,-1,1
-1,-1,-1,-1,-1,-1,-1,1
-1,-1,-1,-1,-1,-1,-1,1
-1,-1,-1,-1,-1,-1,-1,1
-1,-1,-1,-1,-1,-1,-1,1
-1,-1,-1,-1,-1,-1,-1,1
-1,-1,-1,-1,-1,-1,-1,1
-1,-1,-1,-1,-1,-1,-1,1
-1,-1,-1,-1,-1,-1,-1,1
-1,-1,-1,-1,-1,-1,-1,1
-1,-1,-1,-1,-1,-1,-1,1
-1,-1,-1,-1,-1,-1,-1,1
-1,-1,-1,-1,-1,-1,-1,1
-1,-1,-1,-1,-1,-1,-1,1
-1,-1,-1,-1,-1,-1,-1,1
-1,-1,-1,-1,-1,-1,-1,1
-1,-1,-1,-1,-1,-1,-1,1
-1,-1,-1,-1,-1,-1,-1,1
-1,-1,-1,-1,-1,-1,-1,1
-1,-1,-1,-1,-1,-1,-1,1
-1,-1,-1,-1,-1,-1,-1,1
-1,-1,-1,-1,-1,-1,-1,1
-1,-1,-1,-1,-1,-1,-1,1
-1,-1,-1,-1,-1,-1,-1,1
-1,-1,-1,-1,-1,-1,-1,1
-1,-1,-1,-1,-1,-1,-1,1
-1,-1,-1,-1,-1,-1,-1,1
-1,-1,-1,-1,-1,-1,-1,1
-1,-1,-1,-1,-1,-1,-1,1
-1,-1,-1,-1,-1,-1,-1,1
-1,-1,-1,-1,-1,-1,-1,1
-1,-1,-1,-1,-1,-1,-1,1
-1,-1,-1,-1,-1,-1,-1,1
-1,-1,-1,-1,-1,-1,-1,1
-1,-1,-1,-1,-1,-1,-1,1
-1,-1,-1,-1,-1,-1,-1,1
-1,-1,-1,-1,-1,-1,-1,1
-1,-1,-1,-1,-1,-1,-1,1
-1,-1,-1,-1,-1,-1,-1,1
-1,-1,-1,-1,-1,-1,-1,1
-1,-1,-1,-1,-1,-1,-1,1
-1,-1,-1,-1,-1,-1,-1,1
-1,-1,-1,-1,-1,-1,-1,1
-1,-1,-1,-1,-1,-1,-1,1
-1,-1,-1,-1,-1,-1,-1,1
-1,-1,-1,-1,-1,-1,-1,1
-1,-1,-1,-1,-1,-1,-1,1
-1,-1,-1,-1,-1,-1,-1,1
-1,-1,-1,-1,-1,-1,-1,1
-1,-1,-1,-1,-1,-1,-1,1
-1,-1,-1,-1,-1,-1,-1,1
-1,-1,-1,-1,-1,-1,-1,1
-1,-1,-1,-1,-1,-1,-1,1
-1,-1,-1,-1,-1,-1,-1,1
-1,-1,-1,-1,-1,-1,-1,1
-1,-1,-1,-1,-1,-1,-1,1
-1,-1,-1,-1,-1,-1,-1,1
-1,-1,-1,-1,-1,-1,-1,1
1,17,1,1,1,1,6,1
-1,-1,-1,-1,-1,-1,-1,1
-1,-1,-1,-1,-1,-1,-1,1
-1,-1,-1,-1,-1,-1,-1,1
-1,-1,-1,-1,-1,-1,-1,1
-1,-1,-1,-1,-1,-1,-1,1
-1,-1,-1,-1,-1,-1,-1,1
-1,-1,-1,-1,-1,-1,-1,1
-1,-1,-1,-1,-1,-1,-1,1
-1,-1,-1,-1,-1,-1,-1,1
-1,-1,-1,-1,-1,-1,-1,1
-1,-1,-1,-1,-1,-1,-1,1
-1,-1,-1,-1,-1,-1,-1,1
-1,-1,-1,-1,-1,-1,-1,1
-1,-1,-1,-1,-1,-1,-1,1
-1,-1,-1,-1,-1,-1,-1,1
-1,-1,-1,-1,-1,-1,-1,1
-1,-1,-1,-1,-1,-1,-1,1
-1,-1,-1,-1,-1,-1,-1,1
-1,-1,-1,-1,-1,-1,-1,1
-1,-1,-1,-1,-1,-1,-1,1
-1,-1,-1,-1,-1,-1,-1,1
-1,-1,-1,-1,-1,-1,-1,1
-1,-1,-1,-1,-1,-1,-1,1
-1,-1,-1,-1,-1,-1,-1,1
-1,-1,-1,-1,-1,-1,-1,1
-1,-1,-1,-1,-1,-1,-1,1
-1,-1,-1,-1,-1,-1,-1,1
-1,-1,-1,-1,-1,-1,-1,1
-1,-1,-1,-1,-1,-1,-1,1
-1,-1,-1,-1,-1,-1,-1,1
-1,-1,-1,-1,-1,-1,-1,1
-1,-1,-1,-1,-1,-1,-1,1
-1,-1,-1,-1,-1,-1,-1,1
-1,-1,-1,-1,-1,-1,-1,1
-1,-1,-1,-1,-1,-1,-1,1
-1,-1,-1,-1,-1,-1,-1,1
-1,-1,-1,-1,-1,-1,-1,1
-1,-1,-1,-1,-1,-1,-1,1
-1,-1,-1,-1,-1,-1,-1,1
-1,-1,-1,-1,-1,-1,-1,1
-1,-1,-1,-1,-1,-1,-1,1
-1,-1,-1,-1,-1,-1,-1,1
-1,-1,-1,-1,-1,-1,-1,1
-1,-1,-1,-1,-1,-1,-1,1
-1,-1,-1,-1,-1,-1,-1,1
-1,-1,-1,-1,-1,-1,-1,1
-1,-1,-1,-1,-1,-1,-1,1
-1,-1,-1,-1,-1,-1,-1,1
-1,-1,-1,-1,-1,-1,-1,1
-1,-1,-1,-1,-1,-1,-1,1
-1,-1,-1,-1,-1,-1,-1,1
-1,-1,-1,-1,-1,-1,-1,1
-1,-1,-1,-1,-1,-1,-1,1
-1,-1,-1,-1,-1,-1,-1,1
-1,-1,-1,-1,-1,-1,-1,1
-1,-1,-1,-1,-1,-1,-1,1
-1,-1,-1,-1,-1,-1,-1,1
-1,-1,-1,-1,-1,-1,-1,1
-1,-1,-1,-1,-1,-1,-1,1
-1,-1,-1,-1,-1,-1,-1,1
-1,-1,-1,-1,-1,-1,-1,1
-1,-1,-1,-1,-1,-1,-1,1
-1,-1,-1,-1,-1,-1,-1,1
-1,-1,-1,-1,-1,-1,-1,1
-1,-1,-1,-1,-1,-1,-1,1
-1,-1,-1,-1,-1,-1,-1,1
-1,-1,-1,-1,-1,-1,-1,1
-1,-1,-1,-1,-1,-1,-1,1
-1,-1,-1,-1,-1,-1,-1,1
-1,-1,-1,-1,-1,-1,-1,1
-1,-1,-1,-1,-1,-1,-1,1
-1,-1,-1,-1,-1,-1,-1,1
-1,-1,-1,-1,-1,-1,-1,1
-1,-1,-1,-1,-1,-1,-1,1
-1,-1,-1,-1,-1,-1,-1,1
-1,-1,-1,-1,-1,-1,-1,1
-1,-1,-1,-1,-1,-1,-1,1
-1,-1,-1,-1,-1,-1,-1,1
-1,-1,-1,-1,-1,-1,-1,1
-1,-1,-1,-1,-1,-1,-1,1
-1,-1,-1,-1,-1,-1,-1,1
-1,-1,-1,-1,-1,-1,-1,1
-1,-1,-1,-1,-1,-1,-1,1
-1,-1,-1,-1,-1,-1,-1,1
1,2,1,1,1,1,1,1
-1,-1,-1,-1,-1,-1,-1,1
-1,-1,-1,-1,-1,-1,-1,1
-1,-1,-1,-1,-1,-1,-1,1
-1,-1,-1,-1,-1,-1,-1,1
-1,-1,-1,-1,-1,-1,-1,1
-1,-1,-1,-1,-1,-1,-1,1
-1,-1,-1,-1,-1,-1,-1,1
-1,-1,-1,-1,-1,-1,-1,1
-1,-1,-1,-1,-1,-1,-1,1
-1,-1,-1,-1,-1,-1,-1,1
-1,-1,-1,-1,-1,-1,-1,1
-1,-1,-1,-1,-1,-1,-1,1
-1,-1,-1,-1,-1,-1,-1,1
-1,-1,-1,-1,-1,-1,-1,1
-1,-1,-1,-1,-1,-1,-1,1
-1,-1,-1,-1,-1,-1,-1,1
-1,-1,-1,-1,-1,-1,-1,1
-1,-1,-1,-1,-1,-1,-1,1
-1,-1,-1,-1,-1,-1,-1,1
-1,-1,-1,-1,-1,-1,-1,1
-1,-1,-1,-1,-1,-1,-1,1
-1,-1,-1,-1,-1,-1,-1,1
-1,-1,-1,-1,-1,-1,-1,1
-1,-1,-1,-1,-1,-1,-1,1
-1,-1,-1,-1,-1,-1,-1,1
-1,-1,-1,-1,-1,-1,-1,1
-1,-1,-1,-1,-1,-1,-1,1
-1,-1,-1,-1,-1,-1,-1,1
-1,-1,-1,-1,-1,-1,-1,1
-1,-1,-1,-1,-1,-1,-1,1
-1,-1,-1,-1,-1,-1,-1,1
-1,-1,-1,-1,-1,-1,-1,1
-1,-1,-1,-1,-1,-1,-1,1
-1,-1,-1,-1,-1,-1,-1,1
-1,-1,-1,-1,-1,-1,-1,1
-1,-1,-1,-1,-1,-1,-1,1
-1,-1,-1,-1,-1,-1,-1,1
-1,-1,-1,-1,-1,-1,-1,1
-1,-1,-1,-1,-1,-1,-1,1
-1,-1,-1,-1,-1,-1,-1,1
-1,-1,-1,-1,-1,-1,-1,1
-1,-1,-1,-1,-1,-1,-1,1
-1,-1,-1,-1,-1,-1,-1,1
-1,-1,-1,-1,-1,-1,-1,1
-1,-1,-1,-1,-1,-1,-1,1
-1,-1,-1,-1,-1,-1,-1,1
-1,-1,-1,-1,-1,-1,-1,1
-1,-1,-1,-1,-1,-1,-1,1
-1,-1,-1,-1,-1,-1,-1,1
-1,-1,-1,-1,-1,-1,-1,1
-1,-1,-1,-1,-1,-1,-1,1
-1,-1,-1,-1,-1,-1,-1,1
-1,-1,-1,-1,-1,-1,-1,1
-1,-1,-1,-1,-1,-1,-1,1
-1,-1,-1,-1,-1,-1,-1,1
-1,-1,-1,-1,-1,-1,-1,1
-1,-1,-1,-1,-1,-1,-1,1
-1,-1,-1,-1,-1,-1,-1,1
-1,-1,-1,-1,-1,-1,-1,1
-1,-1,-1,-1,-1,-1,-1,1
-1,-1,-1,-1,-1,-1,-1,1
-1,-1,-1,-1,-1,-1,-1,1
-1,-1,-1,-1,-1,-1,-1,1
-1,-1,-1,-1,-1,-1,-1,1
-1,-1,-1,-1,-1,-1,-1,1
-1,-1,-1,-1,-1,-1,-1,1
-1,-1,-1,-1,-1,-1,-1,1
-1,-1,-1,-1,-1,-1,-1,1
-1,-1,-1,-1,-1,-1,-1,1
-1,-1,-1,-1,-1,-1,-1,1
-1,-1,-1,-1,-1,-1,-1,1
-1,-1,-1,-1,-1,-1,-1,1
-1,-1,-1,-1,-1,-1,-1,1
-1,-1,-1,-1,-1,-1,-1,1
-1,-1,-1,-1,-1,-1,-1,1
-1,-1,-1,-1,-1,-1,-1,1
-1,-1,-1,-1,-1,-1,-1,1
-1,-1,-1,-1,-1,-1,-1,1
-1,-1,-1,-1,-1,-1,-1,1
-1,-1,-1,-1,-1,-1,-1,1
-1,-1,-1,-1,-1,-1,-1,1
-1,-1,-1,-1,-1,-1,-1,1
-1,-1,-1,-1,-1,-1,-1,1
-1,-1,-1,-1,-1,-1,-1,1
-1,-1,-1,-1,-1,-1,-1,1
-1,-1,-1,-1,-1,-1,-1,1
-1,-1,-1,-1,-1,-1,-1,1
-1,-1,-1,-1,-1,-1,-1,1
-1,-1,-1,-1,-1,-1,-1,1
1,4,1,1,2,1,1,1
-1,-1,-1,-1,-1,-1,-1,1
-1,-1,-1,-1,-1,-1,-1,1
-1,-1,-1,-1,-1,-1,-1,1
-1,-1,-1,-1,-1,-1,-1,1
-1,-1,-1,-1,-1,-1,-1,1
-1,-1,-1,-1,-1,-1,-1,1
-1,-1,-1,-1,-1,-1,-1,1
-1,-1,-1,-1,-1,-1,-1,1
-1,-1,-1,-1,-1,-1,-1,1
-1,-1,-1,-1,-1,-1,-1,1
-1,-1,-1,-1,-1,-1,-1,1
-1,-1,-1,-1,-1,-1,-1,1
-1,-1,-1,-1,-1,-1,-1,1
-1,-1,-1,-1,-1,-1,-1,1
-1,-1,-1,-1,-1,-1,-1,1
-1,-1,-1,-1,-1,-1,-1,1
-1,-1,-1,-1,-1,-1,-1,1
-1,-1,-1,-1,-1,-1,-1,1
-1,-1,-1,-1,-1,-1,-1,1
-1,-1,-1,-1,-1,-1,-1,1
-1,-1,-1,-1,-1,-1,-1,1
-1,-1,-1,-1,-1,-1,-1,1
-1,-1,-1,-1,-1,-1,-1,1
-1,-1,-1,-1,-1,-1,-1,1
-1,-1,-1,-1,-1,-1,-1,1
-1,-1,-1,-1,-1,-1,-1,1
-1,-1,-1,-1,-1,-1,-1,1
-1,-1,-1,-1,-1,-1,-1,1
-1,-1,-1,-1,-1,-1,-1,1
-1,-1,-1,-1,-1,-1,-1,1
-1,-1,-1,-1,-1,-1,-1,1
-1,-1,-1,-1,-1,-1,-1,1
-1,-1,-1,-1,-1,-1,-1,1
-1,-1,-1,-1,-1,-1,-1,1
1,38,2,1,1,1,1,1
-1,-1,-1,-1,-1,-1,-1,1
-1,-1,-1,-1,-1,-1,-1,1
-1,-1,-1,-1,-1,-1,-1,1
-1,-1,-1,-1,-1,-1,-1,1
-1,-1,-1,-1,-1,-1,-1,1
-1,-1,-1,-1,-1,-1,-1,1
-1,-1,-1,-1,-1,-1,-1,1
-1,-1,-1,-1,-1,-1,-1,1
-1,-1,-1,-1,-1,-1,-1,1
-1,-1,-1,-1,-1,-1,-1,1
-1,-1,-1,-1,-1,-1,-1,1
-1,-1,-1,-1,-1,-1,-1,1
-1,-1,-1,-1,-1,-1,-1,1
-1,-1,-1,-1,-1,-1,-1,1
-1,-1,-1,-1,-1,-1,-1,1
-1,-1,-1,-1,-1,-1,-1,1
-1,-1,-1,-1,-1,-1,-1,1
-1,-1,-1,-1,-1,-1,-1,1
-1,-1,-1,-1,-1,-1,-1,1
-1,-1,-1,-1,-1,-1,-1,1
-1,-1,-1,-1,-1,-1,-1,1
-1,-1,-1,-1,-1,-1,-1,1
-1,-1,-1,-1,-1,-1,-1,1
-1,-1,-1,-1,-1,-1,-1,1
-1,-1,-1,-1,-1,-1,-1,1
-1,-1,-1,-1,-1,-1,-1,1
-1,-1,-1,-1,-1,-1,-1,1
-1,-1,-1,-1,-1,-1,-1,1
-1,-1,-1,-1,-1,-1,-1,1
-1,-1,-1,-1,-1,-1,-1,1
-1,-1,-1,-1,-1,-1,-1,1
-1,-1,-1,-1,-1,-1,-1,1
-1,-1,-1,-1,-1,-1,-1,1
-1,-1,-1,-1,-1,-1,-1,1
-1,-1,-1,-1,-1,-1,-1,1
-1,-1,-1,-1,-1,-1,-1,1
-1,-1,-1,-1,-1,-1,-1,1
-1,-1,-1,-1,-1,-1,-1,1
-1,-1,-1,-1,-1,-1,-1,1
-1,-1,-1,-1,-1,-1,-1,1
-1,-1,-1,-1,-1,-1,-1,1
-1,-1,-1,-1,-1,-1,-1,1
-1,-1,-1,-1,-1,-1,-1,1
-1,-1,-1,-1,-1,-1,-1,1
-1,-1,-1,-1,-1,-1,-1,1
-1,-1,-1,-1,-1,-1,-1,1
-1,-1,-1,-1,-1,-1,-1,1
-1,-1,-1,-1,-1,-1,-1,1
-1,-1,-1,-1,-1,-1,-1,1
-1,-1,-1,-1,-1,-1,-1,1
-1,-1,-1,-1,-1,-1,-1,1
-1,-1,-1,-1,-1,-1,-1,1
-1,-1,-1,-1,-1,-1,-1,1
-1,-1,-1,-1,-1,-1,-1,1
-1,-1,-1,-1,-1,-1,-1,1
-1,-1,-1,-1,-1,-1,-1,1
-1,-1,-1,-1,-1,-1,-1,1
-1,-1,-1,-1,-1,-1,-1,1
-1,-1,-1,-1,-1,-1,-1,1
-1,-1,-1,-1,-1,-1,-1,1
-1,-1,-1,-1,-1,-1,-1,1
-1,-1,-1,-1,-1,-1,-1,1
-1,-1,-1,-1,-1,-1,-1,1
-1,-1,-1,-1,-1,-1,-1,1
-1,-1,-1,-1,-1,-1,-1,1
-1,-1,-1,-1,-1,-1,-1,1
-1,-1,-1,-1,-1,-1,-1,1
-1,-1,-1,-1,-1,-1,-1,1
-1,-1,-1,-1,-1,-1,-1,1
-1,-1,-1,-1,-1,-1,-1,1
-1,-1,-1,-1,-1,-1,-1,1
-1,-1,-1,-1,-1,-1,-1,1
-1,-1,-1,-1,-1,-1,-1,1
-1,-1,-1,-1,-1,-1,-1,1
-1,-1,-1,-1,-1,-1,-1,1
-1,-1,-1,-1,-1,-1,-1,1
-1,-1,-1,-1,-1,-1,-1,1
-1,-1,-1,-1,-1,-1,-1,1
-1,-1,-1,-1,-1,-1,-1,1
-1,-1,-1,-1,-1,-1,-1,1
-1,-1,-1,-1,-1,-1,-1,1
-1,-1,-1,-1,-1,-1,-1,1
-1,-1,-1,-1,-1,-1,-1,1
-1,-1,-1,-1,-1,-1,-1,1
-1,-1,-1,-1,-1,-1,-1,1
-1,-1,-1,-1,-1,-1,-1,1
-1,-1,-1,-1,-1,-1,-1,1
-1,-1,-1,-1,-1,-1,-1,1
-1,-1,-1,-1,-1,-1,-1,1
-1,-1,-1,-1,-1,-1,-1,1
-1,-1,-1,-1,-1,-1,-1,1
-1,-1,-1,-1,-1,-1,-1,1
-1,-1,-1,-1,-1,-1,-1,1
-1,-1,-1,-1,-1,-1,-1,1
-1,-1,-1,-1,-1,-1,-1,1
-1,-1,-1,-1,-1,-1,-1,1
-1,-1,-1,-1,-1,-1,-1,1
-1,-1,-1,-1,-1,-1,-1,1
-1,-1,-1,-1,-1,-1,-1,1
-1,-1,-1,-1,-1,-1,-1,1
-1,-1,-1,-1,-1,-1,-1,1
-1,-1,-1,-1,-1,-1,-1,1
-1,-1,-1,-1,-1,-1,-1,1
-1,-1,-1,-1,-1,-1,-1,1
-1,-1,-1,-1,-1,-1,-1,1
-1,-1,-1,-1,-1,-1,-1,1
-1,-1,-1,-1,-1,-1,-1,1
-1,-1,-1,-1,-1,-1,-1,1
-1,-1,-1,-1,-1,-1,-1,1
-1,-1,-1,-1,-1,-1,-1,1
-1,-1,-1,-1,-1,-1,-1,1
-1,-1,-1,-1,-1,-1,-1,1
-1,-1,-1,-1,-1,-1,-1,1
-1,-1,-1,-1,-1,-1,-1,1
-1,-1,-1,-1,-1,-1,-1,1
-1,-1,-1,-1,-1,-1,-1,1
-1,-1,-1,-1,-1,-1,-1,1
-1,-1,-1,-1,-1,-1,-1,1
-1,-1,-1,-1,-1,-1,-1,1
-1,-1,-1,-1,-1,-1,-1,1
-1,-1,-1,-1,-1,-1,-1,1
-1,-1,-1,-1,-1,-1,-1,1
-1,-1,-1,-1,-1,-1,-1,1
-1,-1,-1,-1,-1,-1,-1,1
-1,-1,-1,-1,-1,-1,-1,1
-1,-1,-1,-1,-1,-1,-1,1
-1,-1,-1,-1,-1,-1,-1,1
-1,-1,-1,-1,-1,-1,-1,1
-1,-1,-1,-1,-1,-1,-1,1
-1,-1,-1,-1,-1,-1,-1,1
-1,-1,-1,-1,-1,-1,-1,1
-1,-1,-1,-1,-1,-1,-1,1
-1,-1,-1,-1,-1,-1,-1,1
-1,-1,-1,-1,-1,-1,-1,1
-1,-1,-1,-1,-1,-1,-1,1
-1,-1,-1,-1,-1,-1,-1,1
-1,-1,-1,-1,-1,-1,-1,1
-1,-1,-1,-1,-1,-1,-1,1
-1,-1,-1,-1,-1,-1,-1,1
-1,-1,-1,-1,-1,-1,-1,1
-1,-1,-1,-1,-1,-1,-1,1
-1,-1,-1,-1,-1,-1,-1,1
-1,-1,-1,-1,-1,-1,-1,1
-1,-1,-1,-1,-1,-1,-1,1
-1,-1,-1,-1,-1,-1,-1,1
-1,-1,-1,-1,-1,-1,-1,1
-1,-1,-1,-1,-1,-1,-1,1
-1,-1,-1,-1,-1,-1,-1,1
-1,-1,-1,-1,-1,-1,-1,1
-1,-1,-1,-1,-1,-1,-1,1
-1,-1,-1,-1,-1,-1,-1,1
-1,-1,-1,-1,-1,-1,-1,1
-1,-1,-1,-1,-1,-1,-1,1
-1,-1,-1,-1,-1,-1,-1,1
-1,-1,-1,-1,-1,-1,-1,1
-1,-1,-1,-1,-1,-1,-1,1
-1,-1,-1,-1,-1,-1,-1,1
-1,-1,-1,-1,-1,-1,-1,1
-1,-1,-1,-1,-1,-1,-1,1
-1,-1,-1,-1,-1,-1,-1,1
-1,-1,-1,-1,-1,-1,-1,1
-1,-1,-1,-1,-1,-1,-1,1
-1,-1,-1,-1,-1,-1,-1,1
-1,-1,-1,-1,-1,-1,-1,1
-1,-1,-1,-1,-1,-1,-1,1
-1,-1,-1,-1,-1,-1,-1,1
-1,-1,-1,-1,-1,-1,-1,1
-1,-1,-1,-1,-1,-1,-1,1
-1,-1,-1,-1,-1,-1,-1,1
-1,-1,-1,-1,-1,-1,-1,1
-1,-1,-1,-1,-1,-1,-1,1
-1,-1,-1,-1,-1,-1,-1,1
-1,-1,-1,-1,-1,-1,-1,1
-1,-1,-1,-1,-1,-1,-1,1
-1,-1,-1,-1,-1,-1,-1,1
-1,-1,-1,-1,-1,-1,-1,1
-1,-1,-1,-1,-1,-1,-1,1
-1,-1,-1,-1,-1,-1,-1,1
-1,-1,-1,-1,-1,-1,-1,1
-1,-1,-1,-1,-1,-1,-1,1
-1,-1,-1,-1,-1,-1,-1,1
-1,-1,-1,-1,-1,-1,-1,1
-1,-1,-1,-1,-1,-1,-1,1
-1,-1,-1,-1,-1,-1,-1,1
-1,-1,-1,-1,-1,-1,-1,1
-1,-1,-1,-1,-1,-1,-1,1
-1,-1,-1,-1,-1,-1,-1,1
-1,-1,-1,-1,-1,-1,-1,1
-1,-1,-1,-1,-1,-1,-1,1
-1,-1,-1,-1,-1,-1,-1,1
-1,-1,-1,-1,-1,-1,-1,1
-1,-1,-1,-1,-1,-1,-1,1
-1,-1,-1,-1,-1,-1,-1,1
-1,-1,-1,-1,-1,-1,-1,1
-1,-1,-1,-1,-1,-1,-1,1
-1,-1,-1,-1,-1,-1,-1,1
-1,-1,-1,-1,-1,-1,-1,1
-1,-1,-1,-1,-1,-1,-1,1
-1,-1,-1,-1,-1,-1,-1,1
-1,-1,-1,-1,-1,-1,-1,1
-1,-1,-1,-1,-1,-1,-1,1
-1,-1,-1,-1,-1,-1,-1,1
-1,-1,-1,-1,-1,-1,-1,1
-1,-1,-1,-1,-1,-1,-1,1
-1,-1,-1,-1,-1,-1,-1,1
-1,-1,-1,-1,-1,-1,-1,1
-1,-1,-1,-1,-1,-1,-1,1
-1,-1,-1,-1,-1,-1,-1,1
-1,-1,-1,-1,-1,-1,-1,1
-1,-1,-1,-1,-1,-1,-1,1
-1,-1,-1,-1,-1,-1,-1,1
-1,-1,-1,-1,-1,-1,-1,1
-1,-1,-1,-1,-1,-1,-1,1
-1,-1,-1,-1,-1,-1,-1,1
-1,-1,-1,-1,-1,-1,-1,1
-1,-1,-1,-1,-1,-1,-1,1
-1,-1,-1,-1,-1,-1,-1,1
-1,-1,-1,-1,-1,-1,-1,1
-1,-1,-1,-1,-1,-1,-1,1
-1,-1,-1,-1,-1,-1,-1,1
-1,-1,-1,-1,-1,-1,-1,1
-1,-1,-1,-1,-1,-1,-1,1
-1,-1,-1,-1,-1,-1,-1,1
-1,-1,-1,-1,-1,-1,-1,1
-1,-1,-1,-1,-1,-1,-1,1
-1,-1,-1,-1,-1,-1,-1,1
-1,-1,-1,-1,-1,-1,-1,1
-1,-1,-1,-1,-1,-1,-1,1
-1,-1,-1,-1,-1,-1,-1,1
-1,-1,-1,-1,-1,-1,-1,1
-1,-1,-1,-1,-1,-1,-1,1
-1,-1,-1,-1,-1,-1,-1,1
-1,-1,-1,-1,-1,-1,-1,1
-1,-1,-1,-1,-1,-1,-1,1
-1,-1,-1,-1,-1,-1,-1,1
-1,-1,-1,-1,-1,-1,-1,1
-1,-1,-1,-1,-1,-1,-1,1
-1,-1,-1,-1,-1,-1,-1,1
-1,-1,-1,-1,-1,-1,-1,1
-1,-1,-1,-1,-1,-1,-1,1
-1,-1,-1,-1,-1,-1,-1,1
-1,-1,-1,-1,-1,-1,-1,1
-1,-1,-1,-1,-1,-1,-1,1
-1,-1,-1,-1,-1,-1,-1,1
-1,-1,-1,-1,-1,-1,-1,1
-1,-1,-1,-1,-1,-1,-1,1
-1,-1,-1,-1,-1,-1,-1,1
-1,-1,-1,-1,-1,-1,-1,1
-1,-1,-1,-1,-1,-1,-1,1
-1,-1,-1,-1,-1,-1,-1,1
-1,-1,-1,-1,-1,-1,-1,1
-1,-1,-1,-1,-1,-1,-1,1
-1,-1,-1,-1,-1,-1,-1,1
-1,-1,-1,-1,-1,-1,-1,1
-1,-1,-1,-1,-1,-1,-1,1
-1,-1,-1,-1,-1,-1,-1,1
-1,-1,-1,-1,-1,-1,-1,1
-1,-1,-1,-1,-1,-1,-1,1
-1,-1,-1,-1,-1,-1,-1,1
-1,-1,-1,-1,-1,-1,-1,1
-1,-1,-1,-1,-1,-1,-1,1
-1,-1,-1,-1,-1,-1,-1,1
-1,-1,-1,-1,-1,-1,-1,1
-1,-1,-1,-1,-1,-1,-1,1
-1,-1,-1,-1,-1,-1,-1,1
-1,-1,-1,-1,-1,-1,-1,1
-1,-1,-1,-1,-1,-1,-1,1
-1,-1,-1,-1,-1,-1,-1,1
-1,-1,-1,-1,-1,-1,-1,1
-1,-1,-1,-1,-1,-1,-1,1
-1,-1,-1,-1,-1,-1,-1,1
-1,-1,-1,-1,-1,-1,-1,1
-1,-1,-1,-1,-1,-1,-1,1
-1,-1,-1,-1,-1,-1,-1,1
-1,-1,-1,-1,-1,-1,-1,1
-1,-1,-1,-1,-1,-1,-1,1
-1,-1,-1,-1,-1,-1,-1,1
-1,-1,-1,-1,-1,-1,-1,1
-1,-1,-1,-1,-1,-1,-1,1
-1,-1,-1,-1,-1,-1,-1,1
-1,-1,-1,-1,-1,-1,-1,1
-1,-1,-1,-1,-1,-1,-1,1
-1,-1,-1,-1,-1,-1,-1,1
-1,-1,-1,-1,-1,-1,-1,1
-1,-1,-1,-1,-1,-1,-1,1
-1,-1,-1,-1,-1,-1,-1,1
-1,-1,-1,-1,-1,-1,-1,1
-1,-1,-1,-1,-1,-1,-1,1
-1,-1,-1,-1,-1,-1,-1,1
-1,-1,-1,-1,-1,-1,-1,1
-1,-1,-1,-1,-1,-1,-1,1
-1,-1,-1,-1,-1,-1,-1,1
-1,-1,-1,-1,-1,-1,-1,1
-1,-1,-1,-1,-1,-1,-1,1
-1,-1,-1,-1,-1,-1,-1,1
-1,-1,-1,-1,-1,-1,-1,1
-1,-1,-1,-1,-1,-1,-1,1
-1,-1,-1,-1,-1,-1,-1,1
-1,-1,-1,-1,-1,-1,-1,1
-1,-1,-1,-1,-1,-1,-1,1
-1,-1,-1,-1,-1,-1,-1,1
-1,-1,-1,-1,-1,-1,-1,1
-1,-1,-1,-1,-1,-1,-1,1
-1,-1,-1,-1,-1,-1,-1,1
-1,-1,-1,-1,-1,-1,-1,1
-1,-1,-1,-1,-1,-1,-1,1
-1,-1,-1,-1,-1,-1,-1,1
-1,-1,-1,-1,-1,-1,-1,1
-1,-1,-1,-1,-1,-1,-1,1
-1,-1,-1,-1,-1,-1,-1,1
-1,-1,-1,-1,-1,-1,-1,1
-1,-1,-1,-1,-1,-1,-1,1
-1,-1,-1,-1,-1,-1,-1,1
-1,-1,-1,-1,-1,-1,-1,1
-1,-1,-1,-1,-1,-1,-1,1
-1,-1,-1,-1,-1,-1,-1,1
-1,-1,-1,-1,-1,-1,-1,1
-1,-1,-1,-1,-1,-1,-1,1
-1,-1,-1,-1,-1,-1,-1,1
-1,-1,-1,-1,-1,-1,-1,1
-1,-1,-1,-1,-1,-1,-1,1
-1,-1,-1,-1,-1,-1,-1,1
-1,-1,-1,-1,-1,-1,-1,1
-1,-1,-1,-1,-1,-1,-1,1
-1,-1,-1,-1,-1,-1,-1,1
-1,-1,-1,-1,-1,-1,-1,1
-1,-1,-1,-1,-1,-1,-1,1
-1,-1,-1,-1,-1,-1,-1,1
-1,-1,-1,-1,-1,-1,-1,1
-1,-1,-1,-1,-1,-1,-1,1
-1,-1,-1,-1,-1,-1,-1,1
-1,-1,-1,-1,-1,-1,-1,1
-1,-1,-1,-1,-1,-1,-1,1
-1,-1,-1,-1,-1,-1,-1,1
-1,-1,-1,-1,-1,-1,-1,1
-1,-1,-1,-1,-1,-1,-1,1
-1,-1,-1,-1,-1,-1,-1,1
-1,-1,-1,-1,-1,-1,-1,1
-1,-1,-1,-1,-1,-1,-1,1
-1,-1,-1,-1,-1,-1,-1,1
-1,-1,-1,-1,-1,-1,-1,1
-1,-1,-1,-1,-1,-1,-1,1
-1,-1,-1,-1,-1,-1,-1,1
-1,-1,-1,-1,-1,-1,-1,1
-1,-1,-1,-1,-1,-1,-1,1
-1,-1,-1,-1,-1,-1,-1,1
-1,-1,-1,-1,-1,-1,-1,1
-1,-1,-1,-1,-1,-1,-1,1
-1,-1,-1,-1,-1,-1,-1,1
-1,-1,-1,-1,-1,-1,-1,1
-1,-1,-1,-1,-1,-1,-1,1
-1,-1,-1,-1,-1,-1,-1,1
-1,-1,-1,-1,-1,-1,-1,1
-1,-1,-1,-1,-1,-1,-1,1
-1,-1,-1,-1,-1,-1,-1,1
-1,-1,-1,-1,-1,-1,-1,1
-1,-1,-1,-1,-1,-1,-1,1
-1,-1,-1,-1,-1,-1,-1,1
-1,-1,-1,-1,-1,-1,-1,1
-1,-1,-1,-1,-1,-1,-1,1
-1,-1,-1,-1,-1,-1,-1,1
-1,-1,-1,-1,-1,-1,-1,1
-1,-1,-1,-1,-1,-1,-1,1
-1,-1,-1,-1,-1,-1,-1,1
-1,-1,-1,-1,-1,-1,-1,1
-1,-1,-1,-1,-1,-1,-1,1
-1,-1,-1,-1,-1,-1,-1,1
-1,-1,-1,-1,-1,-1,-1,1
-1,-1,-1,-1,-1,-1,-1,1
-1,-1,-1,-1,-1,-1,-1,1
-1,-1,-1,-1,-1,-1,-1,1
-1,-1,-1,-1,-1,-1,-1,1
-1,-1,-1,-1,-1,-1,-1,1
-1,-1,-1,-1,-1,-1,-1,1
-1,-1,-1,-1,-1,-1,-1,1
-1,-1,-1,-1,-1,-1,-1,1
-1,-1,-1,-1,-1,-1,-1,1
-1,-1,-1,-1,-1,-1,-1,1
-1,-1,-1,-1,-1,-1,-1,1
-1,-1,-1,-1,-1,-1,-1,1
-1,-1,-1,-1,-1,-1,-1,1
-1,-1,-1,-1,-1,-1,-1,1
-1,-1,-1,-1,-1,-1,-1,1
-1,-1,-1,-1,-1,-1,-1,1
-1,-1,-1,-1,-1,-1,-1,1
-1,-1,-1,-1,-1,-1,-1,1
-1,-1,-1,-1,-1,-1,-1,1
-1,-1,-1,-1,-1,-1,-1,1
-1,-1,-1,-1,-1,-1,-1,1
-1,-1,-1,-1,-1,-1,-1,1
-1,-1,-1,-1,-1,-1,-1,1
-1,-1,-1,-1,-1,-1,-1,1
-1,-1,-1,-1,-1,-1,-1,1
-1,-1,-1,-1,-1,-1,-1,1
-1,-1,-1,-1,-1,-1,-1,1
-1,-1,-1,-1,-1,-1,-1,1
-1,-1,-1,-1,-1,-1,-1,1
-1,-1,-1,-1,-1,-1,-1,1
-1,-1,-1,-1,-1,-1,-1,1
-1,-1,-1,-1,-1,-1,-1,1
-1,-1,-1,-1,-1,-1,-1,1
-1,-1,-1,-1,-1,-1,-1,1
-1,-1,-1,-1,-1,-1,-1,1
-1,-1,-1,-1,-1,-1,-1,1
1,8,1,1,2,1,6,1
-1,-1,-1,-1,-1,-1,-1,1
-1,-1,-1,-1,-1,-1,-1,1
-1,-1,-1,-1,-1,-1,-1,1
-1,-1,-1,-1,-1,-1,-1,1
-1,-1,-1,-1,-1,-1,-1,1
-1,-1,-1,-1,-1,-1,-1,1
-1,-1,-1,-1,-1,-1,-1,1
-1,-1,-1,-1,-1,-1,-1,1
-1,-1,-1,-1,-1,-1,-1,1
-1,-1,-1,-1,-1,-1,-1,1
-1,-1,-1,-1,-1,-1,-1,1
-1,-1,-1,-1,-1,-1,-1,1
-1,-1,-1,-1,-1,-1,-1,1
-1,-1,-1,-1,-1,-1,-1,1
-1,-1,-1,-1,-1,-1,-1,1
-1,-1,-1,-1,-1,-1,-1,1
-1,-1,-1,-1,-1,-1,-1,1
-1,-1,-1,-1,-1,-1,-1,1
-1,-1,-1,-1,-1,-1,-1,1
-1,-1,-1,-1,-1,-1,-1,1
-1,-1,-1,-1,-1,-1,-1,1
-1,-1,-1,-1,-1,-1,-1,1
-1,-1,-1,-1,-1,-1,-1,1
-1,-1,-1,-1,-1,-1,-1,1
-1,-1,-1,-1,-1,-1,-1,1
-1,-1,-1,-1,-1,-1,-1,1
-1,-1,-1,-1,-1,-1,-1,1
-1,-1,-1,-1,-1,-1,-1,1
-1,-1,-1,-1,-1,-1,-1,1
-1,-1,-1,-1,-1,-1,-1,1
-1,-1,-1,-1,-1,-1,-1,1
-1,-1,-1,-1,-1,-1,-1,1
-1,-1,-1,-1,-1,-1,-1,1
-1,-1,-1,-1,-1,-1,-1,1
-1,-1,-1,-1,-1,-1,-1,1
-1,-1,-1,-1,-1,-1,-1,1
-1,-1,-1,-1,-1,-1,-1,1
-1,-1,-1,-1,-1,-1,-1,1
-1,-1,-1,-1,-1,-1,-1,1
-1,-1,-1,-1,-1,-1,-1,1
-1,-1,-1,-1,-1,-1,-1,1
-1,-1,-1,-1,-1,-1,-1,1
-1,-1,-1,-1,-1,-1,-1,1
-1,-1,-1,-1,-1,-1,-1,1
-1,-1,-1,-1,-1,-1,-1,1
-1,-1,-1,-1,-1,-1,-1,1
-1,-1,-1,-1,-1,-1,-1,1
-1,-1,-1,-1,-1,-1,-1,1
-1,-1,-1,-1,-1,-1,-1,1
-1,-1,-1,-1,-1,-1,-1,1
-1,-1,-1,-1,-1,-1,-1,1
-1,-1,-1,-1,-1,-1,-1,1
-1,-1,-1,-1,-1,-1,-1,1
-1,-1,-1,-1,-1,-1,-1,1
-1,-1,-1,-1,-1,-1,-1,1
-1,-1,-1,-1,-1,-1,-1,1
-1,-1,-1,-1,-1,-1,-1,1
-1,-1,-1,-1,-1,-1,-1,1
-1,-1,-1,-1,-1,-1,-1,1
-1,-1,-1,-1,-1,-1,-1,1
-1,-1,-1,-1,-1,-1,-1,1
-1,-1,-1,-1,-1,-1,-1,1
-1,-1,-1,-1,-1,-1,-1,1
-1,-1,-1,-1,-1,-1,-1,1
-1,-1,-1,-1,-1,-1,-1,1
-1,-1,-1,-1,-1,-1,-1,1
-1,-1,-1,-1,-1,-1,-1,1
-1,-1,-1,-1,-1,-1,-1,1
-1,-1,-1,-1,-1,-1,-1,1
-1,-1,-1,-1,-1,-1,-1,1
-1,-1,-1,-1,-1,-1,-1,1
-1,-1,-1,-1,-1,-1,-1,1
-1,-1,-1,-1,-1,-1,-1,1
-1,-1,-1,-1,-1,-1,-1,1
-1,-1,-1,-1,-1,-1,-1,1
-1,-1,-1,-1,-1,-1,-1,1
-1,-1,-1,-1,-1,-1,-1,1
-1,-1,-1,-1,-1,-1,-1,1
-1,-1,-1,-1,-1,-1,-1,1
-1,-1,-1,-1,-1,-1,-1,1
-1,-1,-1,-1,-1,-1,-1,1
-1,-1,-1,-1,-1,-1,-1,1
-1,-1,-1,-1,-1,-1,-1,1
-1,-1,-1,-1,-1,-1,-1,1
-1,-1,-1,-1,-1,-1,-1,1
-1,-1,-1,-1,-1,-1,-1,1
-1,-1,-1,-1,-1,-1,-1,1
-1,-1,-1,-1,-1,-1,-1,1
-1,-1,-1,-1,-1,-1,-1,1
-1,-1,-1,-1,-1,-1,-1,1
-1,-1,-1,-1,-1,-1,-1,1
-1,-1,-1,-1,-1,-1,-1,1
-1,-1,-1,-1,-1,-1,-1,1
-1,-1,-1,-1,-1,-1,-1,1
-1,-1,-1,-1,-1,-1,-1,1
-1,-1,-1,-1,-1,-1,-1,1
-1,-1,-1,-1,-1,-1,-1,1
-1,-1,-1,-1,-1,-1,-1,1
-1,-1,-1,-1,-1,-1,-1,1
-1,-1,-1,-1,-1,-1,-1,1
-1,-1,-1,-1,-1,-1,-1,1
-1,-1,-1,-1,-1,-1,-1,1
-1,-1,-1,-1,-1,-1,-1,1
-1,-1,-1,-1,-1,-1,-1,1
-1,-1,-1,-1,-1,-1,-1,1
-1,-1,-1,-1,-1,-1,-1,1
-1,-1,-1,-1,-1,-1,-1,1
-1,-1,-1,-1,-1,-1,-1,1
-1,-1,-1,-1,-1,-1,-1,1
-1,-1,-1,-1,-1,-1,-1,1
-1,-1,-1,-1,-1,-1,-1,1
-1,-1,-1,-1,-1,-1,-1,1
-1,-1,-1,-1,-1,-1,-1,1
-1,-1,-1,-1,-1,-1,-1,1
-1,-1,-1,-1,-1,-1,-1,1
-1,-1,-1,-1,-1,-1,-1,1
-1,-1,-1,-1,-1,-1,-1,1
-1,-1,-1,-1,-1,-1,-1,1
-1,-1,-1,-1,-1,-1,-1,1
-1,-1,-1,-1,-1,-1,-1,1
-1,-1,-1,-1,-1,-1,-1,1
-1,-1,-1,-1,-1,-1,-1,1
-1,-1,-1,-1,-1,-1,-1,1
-1,-1,-1,-1,-1,-1,-1,1
-1,-1,-1,-1,-1,-1,-1,1
-1,-1,-1,-1,-1,-1,-1,1
-1,-1,-1,-1,-1,-1,-1,1
-1,-1,-1,-1,-1,-1,-1,1
-1,-1,-1,-1,-1,-1,-1,1
-1,-1,-1,-1,-1,-1,-1,1
-1,-1,-1,-1,-1,-1,-1,1
-1,-1,-1,-1,-1,-1,-1,1
-1,-1,-1,-1,-1,-1,-1,1
-1,-1,-1,-1,-1,-1,-1,1
-1,-1,-1,-1,-1,-1,-1,1
-1,-1,-1,-1,-1,-1,-1,1
-1,-1,-1,-1,-1,-1,-1,1
-1,-1,-1,-1,-1,-1,-1,1
-1,-1,-1,-1,-1,-1,-1,1
-1,-1,-1,-1,-1,-1,-1,1
-1,-1,-1,-1,-1,-1,-1,1
-1,-1,-1,-1,-1,-1,-1,1
-1,-1,-1,-1,-1,-1,-1,1
-1,-1,-1,-1,-1,-1,-1,1
-1,-1,-1,-1,-1,-1,-1,1
-1,-1,-1,-1,-1,-1,-1,1
-1,-1,-1,-1,-1,-1,-1,1
-1,-1,-1,-1,-1,-1,-1,1
-1,-1,-1,-1,-1,-1,-1,1
-1,-1,-1,-1,-1,-1,-1,1
-1,-1,-1,-1,-1,-1,-1,1
-1,-1,-1,-1,-1,-1,-1,1
-1,-1,-1,-1,-1,-1,-1,1
-1,-1,-1,-1,-1,-1,-1,1
-1,-1,-1,-1,-1,-1,-1,1
-1,-1,-1,-1,-1,-1,-1,1
-1,-1,-1,-1,-1,-1,-1,1
-1,-1,-1,-1,-1,-1,-1,1
-1,-1,-1,-1,-1,-1,-1,1
-1,-1,-1,-1,-1,-1,-1,1
-1,-1,-1,-1,-1,-1,-1,1
-1,-1,-1,-1,-1,-1,-1,1
-1,-1,-1,-1,-1,-1,-1,1
-1,-1,-1,-1,-1,-1,-1,1
-1,-1,-1,-1,-1,-1,-1,1
-1,-1,-1,-1,-1,-1,-1,1
-1,-1,-1,-1,-1,-1,-1,1
-1,-1,-1,-1,-1,-1,-1,1
-1,-1,-1,-1,-1,-1,-1,1
-1,-1,-1,-1,-1,-1,-1,1
-1,-1,-1,-1,-1,-1,-1,1
-1,-1,-1,-1,-1,-1,-1,1
-1,-1,-1,-1,-1,-1,-1,1
-1,-1,-1,-1,-1,-1,-1,1
-1,-1,-1,-1,-1,-1,-1,1
-1,-1,-1,-1,-1,-1,-1,1
-1,-1,-1,-1,-1,-1,-1,1
-1,-1,-1,-1,-1,-1,-1,1
-1,-1,-1,-1,-1,-1,-1,1
-1,-1,-1,-1,-1,-1,-1,1
-1,-1,-1,-1,-1,-1,-1,1
-1,-1,-1,-1,-1,-1,-1,1
-1,-1,-1,-1,-1,-1,-1,1
-1,-1,-1,-1,-1,-1,-1,1
-1,-1,-1,-1,-1,-1,-1,1
-1,-1,-1,-1,-1,-1,-1,1
-1,-1,-1,-1,-1,-1,-1,1
-1,-1,-1,-1,-1,-1,-1,1
-1,-1,-1,-1,-1,-1,-1,1
-1,-1,-1,-1,-1,-1,-1,1
-1,-1,-1,-1,-1,-1,-1,1
-1,-1,-1,-1,-1,-1,-1,1
-1,-1,-1,-1,-1,-1,-1,1
-1,-1,-1,-1,-1,-1,-1,1
-1,-1,-1,-1,-1,-1,-1,1
-1,-1,-1,-1,-1,-1,-1,1
-1,-1,-1,-1,-1,-1,-1,1
-1,-1,-1,-1,-1,-1,-1,1
-1,-1,-1,-1,-1,-1,-1,1
-1,-1,-1,-1,-1,-1,-1,1
-1,-1,-1,-1,-1,-1,-1,1
-1,-1,-1,-1,-1,-1,-1,1
-1,-1,-1,-1,-1,-1,-1,1
-1,-1,-1,-1,-1,-1,-1,1
-1,-1,-1,-1,-1,-1,-1,1
-1,-1,-1,-1,-1,-1,-1,1
-1,-1,-1,-1,-1,-1,-1,1
-1,-1,-1,-1,-1,-1,-1,1
-1,-1,-1,-1,-1,-1,-1,1
-1,-1,-1,-1,-1,-1,-1,1
-1,-1,-1,-1,-1,-1,-1,1
-1,-1,-1,-1,-1,-1,-1,1
-1,-1,-1,-1,-1,-1,-1,1
-1,-1,-1,-1,-1,-1,-1,1
-1,-1,-1,-1,-1,-1,-1,1
-1,-1,-1,-1,-1,-1,-1,1
-1,-1,-1,-1,-1,-1,-1,1
-1,-1,-1,-1,-1,-1,-1,1
-1,-1,-1,-1,-1,-1,-1,1
-1,-1,-1,-1,-1,-1,-1,1
-1,-1,-1,-1,-1,-1,-1,1
-1,-1,-1,-1,-1,-1,-1,1
-1,-1,-1,-1,-1,-1,-1,1
-1,-1,-1,-1,-1,-1,-1,1
-1,-1,-1,-1,-1,-1,-1,1
-1,-1,-1,-1,-1,-1,-1,1
-1,-1,-1,-1,-1,-1,-1,1
-1,-1,-1,-1,-1,-1,-1,1
-1,-1,-1,-1,-1,-1,-1,1
-1,-1,-1,-1,-1,-1,-1,1
-1,-1,-1,-1,-1,-1,-1,1
-1,-1,-1,-1,-1,-1,-1,1
-1,-1,-1,-1,-1,-1,-1,1
-1,-1,-1,-1,-1,-1,-1,1
-1,-1,-1,-1,-1,-1,-1,1
-1,-1,-1,-1,-1,-1,-1,1
-1,-1,-1,-1,-1,-1,-1,1
-1,-1,-1,-1,-1,-1,-1,1
-1,-1,-1,-1,-1,-1,-1,1
-1,-1,-1,-1,-1,-1,-1,1
-1,-1,-1,-1,-1,-1,-1,1
-1,-1,-1,-1,-1,-1,-1,1
-1,-1,-1,-1,-1,-1,-1,1
-1,-1,-1,-1,-1,-1,-1,1
-1,-1,-1,-1,-1,-1,-1,1
-1,-1,-1,-1,-1,-1,-1,1
-1,-1,-1,-1,-1,-1,-1,1
-1,-1,-1,-1,-1,-1,-1,1
-1,-1,-1,-1,-1,-1,-1,1
-1,-1,-1,-1,-1,-1,-1,1
-1,-1,-1,-1,-1,-1,-1,1
-1,-1,-1,-1,-1,-1,-1,1
-1,-1,-1,-1,-1,-1,-1,1
-1,-1,-1,-1,-1,-1,-1,1
-1,-1,-1,-1,-1,-1,-1,1
-1,-1,-1,-1,-1,-1,-1,1
-1,-1,-1,-1,-1,-1,-1,1
-1,-1,-1,-1,-1,-1,-1,1
-1,-1,-1,-1,-1,-1,-1,1
-1,-1,-1,-1,-1,-1,-1,1
-1,-1,-1,-1,-1,-1,-1,1
-1,-1,-1,-1,-1,-1,-1,1
-1,-1,-1,-1,-1,-1,-1,1
-1,-1,-1,-1,-1,-1,-1,1
-1,-1,-1,-1,-1,-1,-1,1
-1,-1,-1,-1,-1,-1,-1,1
-1,-1,-1,-1,-1,-1,-1,1
-1,-1,-1,-1,-1,-1,-1,1
-1,-1,-1,-1,-1,-1,-1,1
-1,-1,-1,-1,-1,-1,-1,1
-1,-1,-1,-1,-1,-1,-1,1
-1,-1,-1,-1,-1,-1,-1,1
-1,-1,-1,-1,-1,-1,-1,1
-1,-1,-1,-1,-1,-1,-1,1
-1,-1,-1,-1,-1,-1,-1,1
-1,-1,-1,-1,-1,-1,-1,1
-1,-1,-1,-1,-1,-1,-1,1
-1,-1,-1,-1,-1,-1,-1,1
-1,-1,-1,-1,-1,-1,-1,1
-1,-1,-1,-1,-1,-1,-1,1
-1,-1,-1,-1,-1,-1,-1,1
-1,-1,-1,-1,-1,-1,-1,1
-1,-1,-1,-1,-1,-1,-1,1
-1,-1,-1,-1,-1,-1,-1,1
-1,-1,-1,-1,-1,-1,-1,1
-1,-1,-1,-1,-1,-1,-1,1
-1,-1,-1,-1,-1,-1,-1,1
-1,-1,-1,-1,-1,-1,-1,1
-1,-1,-1,-1,-1,-1,-1,1
-1,-1,-1,-1,-1,-1,-1,1
-1,-1,-1,-1,-1,-1,-1,1
-1,-1,-1,-1,-1,-1,-1,1
-1,-1,-1,-1,-1,-1,-1,1
-1,-1,-1,-1,-1,-1,-1,1
-1,-1,-1,-1,-1,-1,-1,1
-1,-1,-1,-1,-1,-1,-1,1
-1,-1,-1,-1,-1,-1,-1,1
-1,-1,-1,-1,-1,-1,-1,1
-1,-1,-1,-1,-1,-1,-1,1
-1,-1,-1,-1,-1,-1,-1,1
-1,-1,-1,-1,-1,-1,-1,1
-1,-1,-1,-1,-1,-1,-1,1
-1,-1,-1,-1,-1,-1,-1,1
-1,-1,-1,-1,-1,-1,-1,1
-1,-1,-1,-1,-1,-1,-1,1
-1,-1,-1,-1,-1,-1,-1,1
-1,-1,-1,-1,-1,-1,-1,1
-1,-1,-1,-1,-1,-1,-1,1
-1,-1,-1,-1,-1,-1,-1,1
-1,-1,-1,-1,-1,-1,-1,1
-1,-1,-1,-1,-1,-1,-1,1
-1,-1,-1,-1,-1,-1,-1,1
-1,-1,-1,-1,-1,-1,-1,1
-1,-1,-1,-1,-1,-1,-1,1
-1,-1,-1,-1,-1,-1,-1,1
-1,-1,-1,-1,-1,-1,-1,1
-1,-1,-1,-1,-1,-1,-1,1
-1,-1,-1,-1,-1,-1,-1,1
-1,-1,-1,-1,-1,-1,-1,1
-1,-1,-1,-1,-1,-1,-1,1
-1,-1,-1,-1,-1,-1,-1,1
-1,-1,-1,-1,-1,-1,-1,1
-1,-1,-1,-1,-1,-1,-1,1
-1,-1,-1,-1,-1,-1,-1,1
-1,-1,-1,-1,-1,-1,-1,1
-1,-1,-1,-1,-1,-1,-1,1
-1,-1,-1,-1,-1,-1,-1,1
-1,-1,-1,-1,-1,-1,-1,1
-1,-1,-1,-1,-1,-1,-1,1
-1,-1,-1,-1,-1,-1,-1,1
-1,-1,-1,-1,-1,-1,-1,1
-1,-1,-1,-1,-1,-1,-1,1
-1,-1,-1,-1,-1,-1,-1,1
-1,-1,-1,-1,-1,-1,-1,1
-1,-1,-1,-1,-1,-1,-1,1
-1,-1,-1,-1,-1,-1,-1,1
-1,-1,-1,-1,-1,-1,-1,1
-1,-1,-1,-1,-1,-1,-1,1
-1,-1,-1,-1,-1,-1,-1,1
-1,-1,-1,-1,-1,-1,-1,1
-1,-1,-1,-1,-1,-1,-1,1
-1,-1,-1,-1,-1,-1,-1,1
-1,-1,-1,-1,-1,-1,-1,1
-1,-1,-1,-1,-1,-1,-1,1
-1,-1,-1,-1,-1,-1,-1,1
-1,-1,-1,-1,-1,-1,-1,1
-1,-1,-1,-1,-1,-1,-1,1
-1,-1,-1,-1,-1,-1,-1,1
-1,-1,-1,-1,-1,-1,-1,1
-1,-1,-1,-1,-1,-1,-1,1
-1,-1,-1,-1,-1,-1,-1,1
-1,-1,-1,-1,-1,-1,-1,1
-1,-1,-1,-1,-1,-1,-1,1
-1,-1,-1,-1,-1,-1,-1,1
-1,-1,-1,-1,-1,-1,-1,1
-1,-1,-1,-1,-1,-1,-1,1
-1,-1,-1,-1,-1,-1,-1,1
-1,-1,-1,-1,-1,-1,-1,1
-1,-1,-1,-1,-1,-1,-1,1
-1,-1,-1,-1,-1,-1,-1,1
-1,-1,-1,-1,-1,-1,-1,1
-1,-1,-1,-1,-1,-1,-1,1
-1,-1,-1,-1,-1,-1,-1,1
-1,-1,-1,-1,-1,-1,-1,1
-1,-1,-1,-1,-1,-1,-1,1
-1,-1,-1,-1,-1,-1,-1,1
-1,-1,-1,-1,-1,-1,-1,1
-1,-1,-1,-1,-1,-1,-1,1
-1,-1,-1,-1,-1,-1,-1,1
-1,-1,-1,-1,-1,-1,-1,1
-1,-1,-1,-1,-1,-1,-1,1
-1,-1,-1,-1,-1,-1,-1,1
-1,-1,-1,-1,-1,-1,-1,1
-1,-1,-1,-1,-1,-1,-1,1
-1,-1,-1,-1,-1,-1,-1,1
-1,-1,-1,-1,-1,-1,-1,1
-1,-1,-1,-1,-1,-1,-1,1
-1,-1,-1,-1,-1,-1,-1,1
-1,-1,-1,-1,-1,-1,-1,1
-1,-1,-1,-1,-1,-1,-1,1
-1,-1,-1,-1,-1,-1,-1,1
-1,-1,-1,-1,-1,-1,-1,1
-1,-1,-1,-1,-1,-1,-1,1
-1,-1,-1,-1,-1,-1,-1,1
-1,-1,-1,-1,-1,-1,-1,1
-1,-1,-1,-1,-1,-1,-1,1
-1,-1,-1,-1,-1,-1,-1,1
-1,-1,-1,-1,-1,-1,-1,1
-1,-1,-1,-1,-1,-1,-1,1
1,16,1,1,2,1,1,1
1,59,1,2,-1,2,1,1
-1,-1,-1,-1,-1,-1,-1,1
-1,-1,-1,-1,-1,-1,-1,1
-1,-1,-1,-1,-1,-1,-1,1
-1,-1,-1,-1,-1,-1,-1,1
-1,-1,-1,-1,-1,-1,-1,1
-1,-1,-1,-1,-1,-1,-1,1
-1,-1,-1,-1,-1,-1,-1,1
-1,-1,-1,-1,-1,-1,-1,1
-1,-1,-1,-1,-1,-1,-1,1
-1,-1,-1,-1,-1,-1,-1,1
-1,-1,-1,-1,-1,-1,-1,1
-1,-1,-1,-1,-1,-1,-1,1
-1,-1,-1,-1,-1,-1,-1,1
-1,-1,-1,-1,-1,-1,-1,1
-1,-1,-1,-1,-1,-1,-1,1
-1,-1,-1,-1,-1,-1,-1,1
-1,-1,-1,-1,-1,-1,-1,1
-1,-1,-1,-1,-1,-1,-1,1
-1,-1,-1,-1,-1,-1,-1,1
-1,-1,-1,-1,-1,-1,-1,1
-1,-1,-1,-1,-1,-1,-1,1
-1,-1,-1,-1,-1,-1,-1,1
-1,-1,-1,-1,-1,-1,-1,1
-1,-1,-1,-1,-1,-1,-1,1
-1,-1,-1,-1,-1,-1,-1,1
-1,-1,-1,-1,-1,-1,-1,1
-1,-1,-1,-1,-1,-1,-1,1
-1,-1,-1,-1,-1,-1,-1,1
-1,-1,-1,-1,-1,-1,-1,1
-1,-1,-1,-1,-1,-1,-1,1
-1,-1,-1,-1,-1,-1,-1,1
-1,-1,-1,-1,-1,-1,-1,1
-1,-1,-1,-1,-1,-1,-1,1
-1,-1,-1,-1,-1,-1,-1,1
-1,-1,-1,-1,-1,-1,-1,1
-1,-1,-1,-1,-1,-1,-1,1
-1,-1,-1,-1,-1,-1,-1,1
-1,-1,-1,-1,-1,-1,-1,1
-1,-1,-1,-1,-1,-1,-1,1
-1,-1,-1,-1,-1,-1,-1,1
-1,-1,-1,-1,-1,-1,-1,1
-1,-1,-1,-1,-1,-1,-1,1
-1,-1,-1,-1,-1,-1,-1,1
-1,-1,-1,-1,-1,-1,-1,1
-1,-1,-1,-1,-1,-1,-1,1
-1,-1,-1,-1,-1,-1,-1,1
-1,-1,-1,-1,-1,-1,-1,1
-1,-1,-1,-1,-1,-1,-1,1
-1,-1,-1,-1,-1,-1,-1,1
-1,-1,-1,-1,-1,-1,-1,1
-1,-1,-1,-1,-1,-1,-1,1
-1,-1,-1,-1,-1,-1,-1,1
-1,-1,-1,-1,-1,-1,-1,1
-1,-1,-1,-1,-1,-1,-1,1
-1,-1,-1,-1,-1,-1,-1,1
-1,-1,-1,-1,-1,-1,-1,1
-1,-1,-1,-1,-1,-1,-1,1
-1,-1,-1,-1,-1,-1,-1,1
-1,-1,-1,-1,-1,-1,-1,1
-1,-1,-1,-1,-1,-1,-1,1
-1,-1,-1,-1,-1,-1,-1,1
-1,-1,-1,-1,-1,-1,-1,1
